date,demand,RRP,frac_at_neg_RRP,min_temperature,max_temperature,temp_ave,solar_exposure,rainfall,school_day,holiday,demand_pos_RRP,RRP_positive,demand_neg_RRP,RRP_negative
6/10/2018,102988.145,100.1029263,0,8.3,23.8,16.05,22.7,0,N,N,102988.145,100.1029263,0,0
7/10/2018,100476.705,87.87165422,0,10.3,24.7,17.5,21.2,0,N,N,100476.705,87.87165422,0,0
8/10/2018,113945.5,87.10126161,0,13.5,28.2,20.85,22.7,0,N,N,113945.5,87.10126161,0,0
9/10/2018,116449.31,99.00074936,0,16.1,17.9,17,7.2,,Y,N,116449.31,99.00074936,0,0
10/10/2018,109551.08,73.53969761,0,10.1,16.5,13.3,20,,Y,N,109551.08,73.53969761,0,0
11/10/2018,110432.33,85.63040854,0,6.4,20.7,13.55,23.7,0,Y,N,110432.33,85.63040854,0,0
12/10/2018,110457.335,88.47236457,0,8.7,22.7,15.7,23.9,0,Y,N,110457.335,88.47236457,0,0
13/10/2018,96584.745,74.61660015,0,10.5,24.9,17.7,23.2,0,Y,N,96584.745,74.61660015,0,0
14/10/2018,90918.615,56.86416434,0,12.4,27.3,19.85,22.1,0,Y,N,90918.615,56.86416434,0,0
15/10/2018,108070.275,79.18245441,0,19.5,27.5,23.5,19.4,0,Y,N,108070.275,79.18245441,0,0
16/10/2018,113889.41,89.02524597,0,20,23.1,21.55,6.1,0.2,Y,N,113889.41,89.02524597,0,0
17/10/2018,112592.26,122.20067,0,16.1,22.6,19.35,15.1,5.2,Y,N,112592.26,122.20067,0,0
18/10/2018,112806.585,165.7797098,0,14.7,20.7,17.7,10.5,2,Y,N,112806.585,165.7797098,0,0
19/10/2018,107940.16,101.6603803,0,12.8,27.4,20.1,23,0,Y,N,107940.16,101.6603803,0,0
20/10/2018,99368.855,96.29224204,0,11.7,16.1,13.9,9.8,5,Y,N,99368.855,96.29224204,0,0
21/10/2018,98427.53,81.92092442,0,7.6,19.2,13.4,22.7,5.6,Y,N,98427.53,81.92092442,0,0
22/10/2018,105893.615,84.17539042,0,8.9,27,17.95,25.7,0,Y,N,105893.615,84.17539042,0,0
23/10/2018,109241.565,90.93533587,0,13,18.8,15.9,16.7,0,Y,N,109241.565,90.93533587,0,0
24/10/2018,111423.365,93.34475257,0,9.2,15.5,12.35,19.7,0,Y,N,111423.365,93.34475257,0,0
25/10/2018,112414.39,115.427252,0,6.4,19.5,12.95,25,0,Y,N,112414.39,115.427252,0,0
26/10/2018,111145.12,111.2042443,0,9.6,18.3,13.95,23.7,0,Y,N,111145.12,111.2042443,0,0
27/10/2018,97973.985,98.83226708,0,11.3,19.6,15.45,20.5,0,Y,N,97973.985,98.83226708,0,0
28/10/2018,95624.015,110.2151781,0,9.3,15.9,12.6,22.8,0,Y,N,95624.015,110.2151781,0,0
29/10/2018,110196.615,142.3380601,0,9.1,17,13.05,25.6,0,Y,N,110196.615,142.3380601,0,0
30/10/2018,113459.025,149.0806203,0,8.3,25.2,16.75,25.8,0,Y,N,113459.025,149.0806203,0,0
31/10/2018,114402.745,121.6154276,0,13,19.5,16.25,16.7,0,Y,N,114402.745,121.6154276,0,0
1/11/2018,119350.665,101.7889277,0,12.8,34.3,23.55,14.2,0,Y,N,119350.665,101.7889277,0,0
2/11/2018,116793.855,79.01902017,0,16.3,31.6,23.95,13.4,0,Y,N,116793.855,79.01902017,0,0
3/11/2018,93859.285,74.72966509,0,12.6,20.9,16.75,19.9,0.2,Y,N,93859.285,74.72966509,0,0
4/11/2018,96432.625,90.90147276,0,9.2,20.9,15.05,19.7,0,Y,N,96432.625,90.90147276,0,0
5/11/2018,107014.075,104.6322227,0,14.5,28.6,21.55,15.8,2.8,Y,N,107014.075,104.6322227,0,0
6/11/2018,100696.565,115.778035,0,16.3,21.4,18.85,7.8,4.4,Y,Y,100696.565,115.778035,0,0
7/11/2018,106387.195,95.56956477,0,11.1,17.2,14.15,18.2,35.8,Y,N,106387.195,95.56956477,0,0
8/11/2018,109430.37,91.88451742,0,7.7,17,12.35,22.7,3,Y,N,109430.37,91.88451742,0,0
9/11/2018,112506.95,101.7347422,0,8,20,14,14.8,0,Y,N,112506.95,101.7347422,0,0
10/11/2018,100203.55,86.72527139,0,9,20.3,14.65,27.3,0,Y,N,100203.55,86.72527139,0,0
11/11/2018,94602.89,76.6722044,0,9.3,19.6,14.45,29.1,0.2,Y,N,94602.89,76.6722044,0,0
12/11/2018,114159.595,105.4518321,0,10.9,30.2,20.55,17.5,0,Y,N,114159.595,105.4518321,0,0
13/11/2018,120185.265,111.5733647,0,16.9,30.5,23.7,18.4,0,Y,N,120185.265,111.5733647,0,0
14/11/2018,116487.58,119.6247227,0,14.8,17.3,16.05,7.2,6.2,Y,N,116487.58,119.6247227,0,0
15/11/2018,108628.34,96.50196575,0,13.7,18.1,15.9,23.8,0.2,Y,N,108628.34,96.50196575,0,0
16/11/2018,107405.925,97.76708195,0,8.3,19,13.65,29.8,0,Y,N,107405.925,97.76708195,0,0
17/11/2018,90498.92,83.26708138,0,9.6,18.1,13.85,29.9,0,Y,N,90498.92,83.26708138,0,0
18/11/2018,92043.13,89.24819359,0,9.8,26.6,18.2,30.1,0,Y,N,92043.13,89.24819359,0,0
19/11/2018,113978.535,104.471263,0,15.4,30.9,23.15,27.5,0,Y,N,113978.535,104.471263,0,0
20/11/2018,118330.625,110.715976,0,22.5,27.6,25.05,5.5,0,Y,N,118330.625,110.715976,0,0
21/11/2018,106618.195,100.4282531,0,12.3,23.2,17.75,24.2,24.2,Y,N,106618.195,100.4282531,0,0
22/11/2018,107278.83,77.20890254,0,9.7,16.4,13.05,20.3,6.2,Y,N,107278.83,77.20890254,0,0
23/11/2018,113582.6,93.52890647,0,11,14.5,12.75,3.5,6,Y,N,113582.6,93.52890647,0,0
24/11/2018,101352.12,110.5056773,0,11.1,16.9,14,15.8,7,Y,N,101352.12,110.5056773,0,0
25/11/2018,96240.41,116.4628124,0,12.7,18.8,15.75,20.5,0.8,Y,N,96240.41,116.4628124,0,0
26/11/2018,110547.605,112.209263,0,11.9,18.6,15.25,25.5,0,Y,N,110547.605,112.209263,0,0
27/11/2018,109706.42,109.7616976,0,14.4,20,17.2,23.3,0.2,Y,N,109706.42,109.7616976,0,0
28/11/2018,106684.825,98.17826,0,14.4,20.8,17.6,18,0,Y,N,106684.825,98.17826,0,0
29/11/2018,112586.74,116.3293321,0,13.9,18.7,16.3,21.1,0.6,Y,N,112586.74,116.3293321,0,0
30/11/2018,110031.82,106.2941526,0,14.7,20.8,17.75,28,0,Y,N,110031.82,106.2941526,0,0
1/12/2018,100725.24,71.1047405,0.020833334,10.3,31.7,21,30.8,0,Y,N,98789.235,72.53485039,1936.005,-1.87
2/12/2018,88903.065,24.45538203,0.1875,12.2,19.5,15.85,18.9,10.4,Y,N,73658.87,37.60909225,15244.195,-39.10241363
3/12/2018,107666.305,71.12619871,0,13.3,23.6,18.45,13.4,0,Y,N,107666.305,71.12619871,0,0
4/12/2018,111718.075,92.94554896,0,13.4,20.5,16.95,28.2,0,Y,N,111718.075,92.94554896,0,0
5/12/2018,114225.12,86.81499911,0,13.4,25.2,19.3,31.1,0,Y,N,114225.12,86.81499911,0,0
6/12/2018,135452.26,125.3081084,0,14.5,35.5,25,31.3,0,Y,N,135452.26,125.3081084,0,0
7/12/2018,156648.405,177.8618168,0,25.1,38,31.55,27.1,0,Y,N,156648.405,177.8618168,0,0
8/12/2018,121237.47,113.367033,0,22.7,30.3,26.5,11,0,Y,N,121237.47,113.367033,0,0
9/12/2018,102161.115,80.18878765,0,16,20.1,18.05,11.8,1.2,Y,N,102161.115,80.18878765,0,0
10/12/2018,110803.765,95.22572314,0,15.8,20.6,18.2,28.5,0,Y,N,110803.765,95.22572314,0,0
11/12/2018,114413.785,118.6444142,0,13,23.6,18.3,31.6,0,Y,N,114413.785,118.6444142,0,0
12/12/2018,129715.465,199.184327,0,16,33.6,24.8,29.4,0,Y,N,129715.465,199.184327,0,0
13/12/2018,114986.33,101.8597212,0,16.9,21.1,19,6,16.2,Y,N,114986.33,101.8597212,0,0
14/12/2018,110025.465,92.95802927,0,16.4,22.7,19.55,13.7,16.6,Y,N,110025.465,92.95802927,0,0
15/12/2018,102577.145,101.632949,0,17.2,24.8,21,17.5,41.2,Y,N,102577.145,101.632949,0,0
16/12/2018,99110.775,101.4492327,0,15.8,23.5,19.65,16.3,3.8,Y,N,99110.775,101.4492327,0,0
17/12/2018,112804.4,101.4038885,0,15.6,21.8,18.7,23.2,2,Y,N,112804.4,101.4038885,0,0
18/12/2018,113485.105,104.7225562,0,16.7,20.8,18.75,21.1,0,Y,N,113485.105,104.7225562,0,0
19/12/2018,119907.245,117.7077224,0,16.8,26.9,21.85,16.6,0,Y,N,119907.245,117.7077224,0,0
20/12/2018,111880.525,75.55546269,0,16.9,21.2,19.05,14.8,0,Y,N,111880.525,75.55546269,0,0
21/12/2018,102075.925,65.93243797,0,15.4,20.9,18.15,9.6,1,N,N,102075.925,65.93243797,0,0
22/12/2018,92725.74,69.25045796,0,14.1,19.1,16.6,27.8,9.8,N,N,92725.74,69.25045796,0,0
23/12/2018,94938.395,65.61224819,0,11.5,26.9,19.2,32.3,0,N,N,94938.395,65.61224819,0,0
24/12/2018,112358.815,96.81717936,0,14.3,34.2,24.25,32.3,0,N,N,112358.815,96.81717936,0,0
25/12/2018,98191.655,55.2385453,0,15.8,23.9,19.85,32.2,0,N,Y,98191.655,55.2385453,0,0
26/12/2018,100017.195,77.57835478,0,13.3,23.8,18.55,32.3,0,N,Y,100017.195,77.57835478,0,0
27/12/2018,129749.14,102.3108963,0,16.2,37.4,26.8,29.3,0,N,N,129749.14,102.3108963,0,0
28/12/2018,133831.375,121.4607191,0,21.9,36.4,29.15,19.1,0,N,N,133831.375,121.4607191,0,0
29/12/2018,108290.11,91.7235266,0,21,23.9,22.45,5.7,1.2,N,N,108290.11,91.7235266,0,0
30/12/2018,99613.865,84.16649527,0,18.2,22.7,20.45,9.9,0.6,N,N,99613.865,84.16649527,0,0
31/12/2018,103381.915,84.89799706,0,17.3,23.5,20.4,31.3,0.8,N,N,103381.915,84.89799706,0,0
1/01/2019,98933.06,78.56097897,0,15.5,26.2,20.85,31.7,0,N,Y,98933.06,78.56097897,0,0
2/01/2019,106470.675,92.2020112,0,18.4,22.2,20.3,26.3,0,N,N,106470.675,92.2020112,0,0
3/01/2019,118789.605,127.3803026,0,15.9,29.5,22.7,27.6,0,N,N,118789.605,127.3803026,0,0
4/01/2019,133288.46,121.0209967,0,18,42.6,30.3,27.4,0,N,N,133288.46,121.0209967,0,0
5/01/2019,97262.79,83.49352049,0,17.4,21.2,19.3,12.9,0.4,N,N,97262.79,83.49352049,0,0
6/01/2019,93606.215,65.76640698,0,14.6,22.1,18.35,30.9,1.4,N,N,93606.215,65.76640698,0,0
7/01/2019,109874.9,85.07795745,0,17.1,23.1,20.1,30.2,0,N,N,109874.9,85.07795745,0,0
8/01/2019,113446.1,104.9077815,0,16.7,24.1,20.4,28.9,0,N,N,113446.1,104.9077815,0,0
9/01/2019,105483.435,91.85154672,0,16.1,20.5,18.3,28.4,0.6,N,N,105483.435,91.85154672,0,0
10/01/2019,108078.695,96.41374257,0,13.5,21.4,17.45,25.8,0,N,N,108078.695,96.41374257,0,0
11/01/2019,119728.635,116.3056708,0,12.9,30.4,21.65,31.5,0,N,N,119728.635,116.3056708,0,0
12/01/2019,108628.96,88.99664281,0,17.7,24.7,21.2,28.6,0,N,N,108628.96,88.99664281,0,0
13/01/2019,101853.24,75.27302388,0,14.4,30.5,22.45,31.3,0,N,N,101853.24,75.27302388,0,0
14/01/2019,147070.535,188.1976495,0,18.7,32.3,25.5,31.1,0,N,N,147070.535,188.1976495,0,0
15/01/2019,152496.245,222.438419,0,19.4,30.4,24.9,22.3,0,N,N,152496.245,222.438419,0,0
16/01/2019,136971.755,178.0796754,0,19.8,26.7,23.25,17.5,0,N,N,136971.755,178.0796754,0,0
17/01/2019,145211.49,175.352893,0,20.7,32.5,26.6,6,0,N,N,145211.49,175.352893,0,0
18/01/2019,134898.21,137.8500262,0,22.3,28.7,25.5,2.6,0.2,N,N,134898.21,137.8500262,0,0
19/01/2019,101692.45,80.78625249,0,16.5,23.5,20,30.2,2,N,N,101692.45,80.78625249,0,0
20/01/2019,102283.13,86.60790073,0,15.2,22.9,19.05,29.2,0,N,N,102283.13,86.60790073,0,0
21/01/2019,130517.97,176.68995,0,18.4,25.1,21.75,28.2,0,N,N,130517.97,176.68995,0,0
22/01/2019,141444.78,278.7777435,0,19,26.8,22.9,29.3,0,N,N,141444.78,278.7777435,0,0
23/01/2019,125501.15,154.4731449,0,18.7,23.9,21.3,27.4,0,N,N,125501.15,154.4731449,0,0
24/01/2019,155891.345,4549.645105,0,17.3,40.8,29.05,30,0,N,N,155891.345,4549.645105,0,0
25/01/2019,168894.845,906.4372323,0,21.1,42.8,31.95,25.3,0,N,N,168894.845,906.4372323,0,0
26/01/2019,114818.665,163.7336252,0,19.9,26.1,23,27.7,0,N,Y,114818.665,163.7336252,0,0
27/01/2019,99801.575,86.39622431,0,18.4,27.8,23.1,21.1,0,N,N,99801.575,86.39622431,0,0
28/01/2019,112374.63,150.9484801,0,15.5,34.5,25,29.4,0,N,Y,112374.63,150.9484801,0,0
29/01/2019,138455.455,183.4002093,0,17.5,36.8,27.15,27.7,0,N,N,138455.455,183.4002093,0,0
30/01/2019,142113.375,188.7424195,0,18,38.1,28.05,19.9,0,N,N,142113.375,188.7424195,0,0
31/01/2019,110277.21,107.5212334,0,17.2,21.5,19.35,27.8,6.6,Y,N,110277.21,107.5212334,0,0
1/02/2019,104422.79,117.6827391,0,12.6,24.2,18.4,28.8,0,Y,N,104422.79,117.6827391,0,0
2/02/2019,124749.065,240.9545239,0,15,34.4,24.7,27.5,0,Y,N,124749.065,240.9545239,0,0
3/02/2019,133287.585,186.9176322,0,19.1,38.2,28.65,26.1,0,Y,N,133287.585,186.9176322,0,0
4/02/2019,119168.96,110.1512267,0,20,22.7,21.35,9.3,0,Y,N,119168.96,110.1512267,0,0
5/02/2019,119702.045,92.70133953,0,17.7,26.9,22.3,14.6,0,Y,N,119702.045,92.70133953,0,0
6/02/2019,140497.815,143.4550561,0,18.5,34.7,26.6,22.8,0,Y,N,140497.815,143.4550561,0,0
7/02/2019,141593.545,147.6879095,0,20.7,28.3,24.5,25.1,11,Y,N,141593.545,147.6879095,0,0
8/02/2019,117327.495,107.8491587,0,18.1,23.1,20.6,21.1,0,Y,N,117327.495,107.8491587,0,0
9/02/2019,95668.77,44.17631186,0.16666667,14.6,19.7,17.15,13.6,0,Y,N,80859.02,55.65818156,14809.75,-18.51297939
10/02/2019,94786.72,86.43577587,0,13,23.3,18.15,23.5,4.8,Y,N,94786.72,86.43577587,0,0
11/02/2019,114085.645,97.71508951,0,14.4,27.5,20.95,18.6,0,Y,N,114085.645,97.71508951,0,0
12/02/2019,107697.205,57.33821194,0,18.4,21.5,19.95,12.4,0,Y,N,107697.205,57.33821194,0,0
13/02/2019,106692.845,85.98148307,0,11.8,19.2,15.5,23.7,2.8,Y,N,106692.845,85.98148307,0,0
14/02/2019,107655.08,108.2907152,0,12.3,23.2,17.75,24.2,0,Y,N,107655.08,108.2907152,0,0
15/02/2019,113910.46,114.7685038,0,14.8,22.8,18.8,23.1,0,Y,N,113910.46,114.7685038,0,0
16/02/2019,106467.235,127.4802754,0,16.1,23.2,19.65,24.2,0,Y,N,106467.235,127.4802754,0,0
17/02/2019,108470.925,110.4895928,0,15,29,22,20,0,Y,N,108470.925,110.4895928,0,0
18/02/2019,116995.065,104.4634554,0,18,23.6,20.8,16.9,0,Y,N,116995.065,104.4634554,0,0
19/02/2019,110531.6,105.0981782,0,13.7,20.2,16.95,21.4,0,Y,N,110531.6,105.0981782,0,0
20/02/2019,108972.305,111.0460243,0,13.5,23.2,18.35,20.8,0,Y,N,108972.305,111.0460243,0,0
21/02/2019,110235.335,114.360572,0,14,20.4,17.2,16.2,0,Y,N,110235.335,114.360572,0,0
22/02/2019,109901.76,103.0440629,0,15.5,21.2,18.35,23.9,0,Y,N,109901.76,103.0440629,0,0
23/02/2019,99890.25,77.03140322,0,16.4,25.8,21.1,24,0,Y,N,99890.25,77.03140322,0,0
24/02/2019,106877.865,87.18091338,0,13.8,32.9,23.35,24.6,0,Y,N,106877.865,87.18091338,0,0
25/02/2019,133476.605,139.955977,0,18,34.2,26.1,24.4,0,Y,N,133476.605,139.955977,0,0
26/02/2019,123114.115,115.9396033,0,17.9,22.3,20.1,21,0,Y,N,123114.115,115.9396033,0,0
27/02/2019,125272.27,123.7875391,0,12.9,25.7,19.3,24,0,Y,N,125272.27,123.7875391,0,0
28/02/2019,150472.255,160.9384487,0,16.3,36.8,26.55,23.4,0,Y,N,150472.255,160.9384487,0,0
1/03/2019,163682.04,1284.799876,0,22.6,38.1,30.35,22.3,0,Y,N,163682.04,1284.799876,0,0
2/03/2019,146265.115,132.4925904,0,22.3,36.3,29.3,23.4,0,Y,N,146265.115,132.4925904,0,0
3/03/2019,138597.69,153.7842958,0,25.1,36,30.55,14.4,0,Y,N,138597.69,153.7842958,0,0
4/03/2019,136528.81,135.2064474,0,19,24.6,21.8,21.8,0,Y,N,136528.81,135.2064474,0,0
5/03/2019,126073.53,118.2619446,0,18,24.3,21.15,15.5,0,Y,N,126073.53,118.2619446,0,0
6/03/2019,108723.615,75.98119137,0,13.2,17.2,15.2,19.5,1.6,Y,N,108723.615,75.98119137,0,0
7/03/2019,114519.865,103.1975585,0,9.7,22.1,15.9,21.2,2,Y,N,114519.865,103.1975585,0,0
8/03/2019,117281.2,106.9388027,0,11.3,26.8,19.05,10.2,0,Y,N,117281.2,106.9388027,0,0
9/03/2019,106854.935,95.07842459,0,13.9,24.7,19.3,20,0,Y,N,106854.935,95.07842459,0,0
10/03/2019,101994.055,74.37493203,0,14.3,23.7,19,10.1,0,Y,N,101994.055,74.37493203,0,0
11/03/2019,103219.08,81.47204007,0,15.9,21.8,18.85,18.6,0.2,Y,Y,103219.08,81.47204007,0,0
12/03/2019,110086.7,76.97154796,0,15.8,19.2,17.5,10.8,0,Y,N,110086.7,76.97154796,0,0
13/03/2019,114740.52,122.2385811,0,11.9,18.6,15.25,15.1,0,Y,N,114740.52,122.2385811,0,0
14/03/2019,112785.78,126.7859571,0,12.1,20.8,16.45,20.6,0.2,Y,N,112785.78,126.7859571,0,0
15/03/2019,111179.125,102.6085151,0,11.7,22.2,16.95,18.7,0,Y,N,111179.125,102.6085151,0,0
16/03/2019,105119.48,95.25118781,0,12.2,25.6,18.9,20.1,0,Y,N,105119.48,95.25118781,0,0
17/03/2019,105669.045,103.9571924,0,14.2,25.6,19.9,19.2,0,Y,N,105669.045,103.9571924,0,0
18/03/2019,121954.385,111.1497946,0,16.5,28.2,22.35,18.9,0,Y,N,121954.385,111.1497946,0,0
19/03/2019,123290.835,113.6447743,0,16.9,23.4,20.15,12.7,0,Y,N,123290.835,113.6447743,0,0
20/03/2019,123994.3,127.2765992,0,19.3,23.4,21.35,11.1,0,Y,N,123994.3,127.2765992,0,0
21/03/2019,124181.405,115.460165,0,18.2,24.3,21.25,12.5,0,Y,N,124181.405,115.460165,0,0
22/03/2019,128305.64,111.2407066,0,18.7,28.6,23.65,15.3,0,Y,N,128305.64,111.2407066,0,0
23/03/2019,109147.65,98.95473172,0,19.9,31.3,25.6,13.6,1.8,Y,N,109147.65,98.95473172,0,0
24/03/2019,104226.83,97.85759965,0,16.5,29.3,22.9,16.9,2,Y,N,104226.83,97.85759965,0,0
25/03/2019,107583.935,80.29292737,0,14.8,19,16.9,13.6,0.2,Y,N,107583.935,80.29292737,0,0
26/03/2019,108840.18,95.56789356,0,12.3,20.3,16.3,15.9,0,Y,N,108840.18,95.56789356,0,0
27/03/2019,113307.595,114.1613715,0,11.1,21.7,16.4,17.8,0,Y,N,113307.595,114.1613715,0,0
28/03/2019,113923.16,108.460275,0,11.6,27.9,19.75,17.8,0,Y,N,113923.16,108.460275,0,0
29/03/2019,110768.285,83.98953774,0,14.6,28.5,21.55,4.9,0,Y,N,110768.285,83.98953774,0,0
30/03/2019,101262.655,85.16593486,0,9.1,15.6,12.35,11.4,1.8,Y,N,101262.655,85.16593486,0,0
31/03/2019,101119.835,94.38958823,0,9.4,18.5,13.95,8,2.2,Y,N,101119.835,94.38958823,0,0
1/04/2019,116817.43,131.3335309,0,13,17.1,15.05,6.6,0.2,Y,N,116817.43,131.3335309,0,0
2/04/2019,114927.205,119.3975507,0,7.4,25.9,16.65,16.6,0,Y,N,114927.205,119.3975507,0,0
3/04/2019,115188.76,112.9080676,0,9.4,24.7,17.05,10.9,0,Y,N,115188.76,112.9080676,0,0
4/04/2019,113763.835,116.7564884,0,13.3,21.9,17.6,13.9,0,Y,N,113763.835,116.7564884,0,0
5/04/2019,111484.73,98.53030197,0,14.4,28.5,21.45,15.3,0,N,N,111484.73,98.53030197,0,0
6/04/2019,102229.645,103.2729949,0,16.5,20.1,18.3,12.4,0,N,N,102229.645,103.2729949,0,0
7/04/2019,93590.425,86.80268601,0.020833334,9.5,26.5,18,15.9,0,N,N,91959.075,88.55544137,1631.35,-12
8/04/2019,108543.635,113.1340539,0,12.5,23.1,17.8,9,0,N,N,108543.635,113.1340539,0,0
9/04/2019,111999.04,106.3359468,0,11.1,16.3,13.7,13.9,1.6,N,N,111999.04,106.3359468,0,0
10/04/2019,120858.98,121.8751363,0,10.7,15.8,13.25,4.8,1.4,N,N,120858.98,121.8751363,0,0
11/04/2019,116890.61,126.8896051,0,11.3,17.3,14.3,14.4,0,N,N,116890.61,126.8896051,0,0
12/04/2019,114848.77,128.7232047,0,6.7,24.9,15.8,15.3,0.2,N,N,114848.77,128.7232047,0,0
13/04/2019,105963.555,122.4421606,0,10.5,20.7,15.6,10,0,N,N,105963.555,122.4421606,0,0
14/04/2019,98680,111.731646,0,11.8,22.5,17.15,14.4,0,N,N,98680,111.731646,0,0
15/04/2019,114194.955,113.1121728,0,12.9,27.4,20.15,10.9,0,N,N,114194.955,113.1121728,0,0
16/04/2019,115392.875,100.0056174,0,17.1,30.3,23.7,14.4,0,N,N,115392.875,100.0056174,0,0
17/04/2019,117281.13,100.1096387,0,22.1,30,26.05,12.8,0,N,N,117281.13,100.1096387,0,0
18/04/2019,111360.065,84.83386371,0,13.2,17.7,15.45,12.8,0,N,N,111360.065,84.83386371,0,0
19/04/2019,95967.405,78.14244558,0,8.6,22.1,15.35,14,0,N,Y,95967.405,78.14244558,0,0
20/04/2019,95654.36,66.87481389,0,10.2,30.2,20.2,13.9,0,N,Y,95654.36,66.87481389,0,0
21/04/2019,94810.665,80.07625848,0,14.8,27,20.9,7.5,0,N,Y,94810.665,80.07625848,0,0
22/04/2019,100246.51,95.10738692,0,13.7,17.6,15.65,6,0.8,N,Y,100246.51,95.10738692,0,0
23/04/2019,114240.885,89.62898584,0,11.1,18.5,14.8,8,0,N,N,114240.885,89.62898584,0,0
24/04/2019,113264.23,86.74929284,0,14.6,23.2,18.9,8.2,0,Y,N,113264.23,86.74929284,0,0
25/04/2019,98112.465,62.60573067,0,10.2,21.5,15.85,10.6,0,Y,Y,98112.465,62.60573067,0,0
26/04/2019,107226.59,60.91838254,0,11.9,15.8,13.85,6.9,3,Y,N,107226.59,60.91838254,0,0
27/04/2019,105374.93,79.62008598,0,8.7,16.2,12.45,8.5,0,Y,N,105374.93,79.62008598,0,0
28/04/2019,101057.43,86.02286062,0,12.4,17.4,14.9,5.2,0,Y,N,101057.43,86.02286062,0,0
29/04/2019,118307.525,121.0296417,0,11.5,18.1,14.8,8.4,0,Y,N,118307.525,121.0296417,0,0
30/04/2019,110515.6,96.95170577,0,7.9,23.1,15.5,11.7,0,Y,N,110515.6,96.95170577,0,0
1/05/2019,111462.385,90.5638369,0,15.6,22.8,19.2,7.8,0,Y,N,111462.385,90.5638369,0,0
2/05/2019,112948.4,103.5866148,0,17.1,20.2,18.65,6.2,3.6,Y,N,112948.4,103.5866148,0,0
3/05/2019,110902.185,101.1629982,0,11.8,20.7,16.25,9,0.2,Y,N,110902.185,101.1629982,0,0
4/05/2019,103616.145,103.3834967,0,13,16.4,14.7,8.2,0.2,Y,N,103616.145,103.3834967,0,0
5/05/2019,104770.705,108.0955559,0,11.3,16.3,13.8,6.5,2,Y,N,104770.705,108.0955559,0,0
6/05/2019,121535.485,112.5055846,0,11.7,16.7,14.2,8.5,0.2,Y,N,121535.485,112.5055846,0,0
7/05/2019,116318.435,94.75371448,0,7.4,18.7,13.05,11.7,0,Y,N,116318.435,94.75371448,0,0
8/05/2019,118801.84,114.5284513,0,10.3,17.4,13.85,7.3,5.2,Y,N,118801.84,114.5284513,0,0
9/05/2019,122003.335,113.6303305,0,9.7,16.2,12.95,5.3,0.6,Y,N,122003.335,113.6303305,0,0
10/05/2019,123850.86,93.13527687,0,10.2,14.2,12.2,2.8,7.2,Y,N,123850.86,93.13527687,0,0
11/05/2019,113186.735,87.03653305,0,10.2,16.4,13.3,7.7,8.2,Y,N,113186.735,87.03653305,0,0
12/05/2019,110416.88,87.37738174,0,12.2,17.7,14.95,6.6,0,Y,N,110416.88,87.37738174,0,0
13/05/2019,119598.605,77.15737698,0,12.7,18.1,15.4,8.3,0,Y,N,119598.605,77.15737698,0,0
14/05/2019,123005.31,89.82269178,0,11.3,20.2,15.75,9,0,Y,N,123005.31,89.82269178,0,0
15/05/2019,126264.775,100.6447738,0,12,15.8,13.9,8,0,Y,N,126264.775,100.6447738,0,0
16/05/2019,127389.485,98.94296433,0,10.5,16.1,13.3,9.8,0,Y,N,127389.485,98.94296433,0,0
17/05/2019,126934.24,96.78385886,0,6.5,18.6,12.55,10.7,0,Y,N,126934.24,96.78385886,0,0
18/05/2019,112990.635,86.4417851,0,6.2,21.5,13.85,10.6,0,Y,N,112990.635,86.4417851,0,0
19/05/2019,104054.85,76.29416809,0,8.9,21.8,15.35,10,0.2,Y,N,104054.85,76.29416809,0,0
20/05/2019,118733.42,93.3443643,0,12,19.6,15.8,3.1,0.4,Y,N,118733.42,93.3443643,0,0
21/05/2019,121766.77,104.5578083,0,11.1,20.4,15.75,6.9,0.4,Y,N,121766.77,104.5578083,0,0
22/05/2019,122015.59,115.8944559,0,10.7,22.3,16.5,10.3,0,Y,N,122015.59,115.8944559,0,0
23/05/2019,119118.11,88.38713619,0,9.9,21.3,15.6,10.2,0,Y,N,119118.11,88.38713619,0,0
24/05/2019,118924.765,91.54712449,0,13.8,20.2,17,4.4,0,Y,N,118924.765,91.54712449,0,0
25/05/2019,104949.95,74.26293512,0,13.7,19.8,16.75,9.1,1.6,Y,N,104949.95,74.26293512,0,0
26/05/2019,106153.43,63.90308214,0,9.5,15.1,12.3,8.6,6.6,Y,N,106153.43,63.90308214,0,0
27/05/2019,130229.295,87.61101403,0,7.8,14,10.9,7.2,8.2,Y,N,130229.295,87.61101403,0,0
28/05/2019,133799.655,79.96477454,0,8.2,15.7,11.95,3.3,0.2,Y,N,133799.655,79.96477454,0,0
29/05/2019,136301.49,85.0039422,0.041666668,8.7,10.6,9.65,7.9,1.2,Y,N,132293.375,87.58635808,4008.115,-0.232262922
30/05/2019,138857.135,100.0150103,0,6.7,13.3,10,5.8,5.8,Y,N,138857.135,100.0150103,0,0
31/05/2019,133869.14,100.7077503,0,8.5,14.3,11.4,5.7,1.4,Y,N,133869.14,100.7077503,0,0
1/06/2019,120653.435,113.2446372,0,11.7,14.6,13.15,5.8,2.4,Y,N,120653.435,113.2446372,0,0
2/06/2019,118086.93,108.9225857,0,11,14.5,12.75,6.7,0,Y,N,118086.93,108.9225857,0,0
3/06/2019,135437.85,115.7252699,0,8.2,12,10.1,3.8,15.4,Y,N,135437.85,115.7252699,0,0
4/06/2019,136149.125,149.1184438,0,8.4,12.9,10.65,7.9,3.2,Y,N,136149.125,149.1184438,0,0
5/06/2019,137844.815,155.9883292,0,8.6,13,10.8,5.7,0,Y,N,137844.815,155.9883292,0,0
6/06/2019,134971.775,162.4919949,0,10.2,14.8,12.5,7.9,0,Y,N,134971.775,162.4919949,0,0
7/06/2019,132003.44,139.2008162,0,11.7,16.6,14.15,8,0,Y,N,132003.44,139.2008162,0,0
8/06/2019,117243.63,102.4160856,0,6.7,18.7,12.7,9.3,0,Y,N,117243.63,102.4160856,0,0
9/06/2019,110669.42,69.56130597,0,7.8,18,12.9,8,0,Y,N,110669.42,69.56130597,0,0
10/06/2019,108133.03,47.48787404,0.083333336,12,19.2,15.6,7.6,3,Y,Y,100717.38,51.25792712,7415.65,-3.715981155
11/06/2019,122760.92,73.07808171,0,9.6,17.9,13.75,9.2,0,Y,N,122760.92,73.07808171,0,0
12/06/2019,128127.75,85.79269007,0,11.9,16.5,14.2,1.3,0.6,Y,N,128127.75,85.79269007,0,0
13/06/2019,128535.19,79.5162514,0,8.8,17.4,13.1,8.9,2.6,Y,N,128535.19,79.5162514,0,0
14/06/2019,128153.195,86.65546421,0,10,17.3,13.65,7,2.2,Y,N,128153.195,86.65546421,0,0
15/06/2019,121097.845,104.4318503,0,9,15.2,12.1,6.4,2.6,Y,N,121097.845,104.4318503,0,0
16/06/2019,116811.39,111.2767338,0,8.6,16.7,12.65,7.5,0,Y,N,116811.39,111.2767338,0,0
17/06/2019,129972.915,108.7466958,0,6.3,17.9,12.1,8.6,3.4,Y,N,129972.915,108.7466958,0,0
18/06/2019,137922.22,101.3953781,0,8,13.7,10.85,5.2,0,Y,N,137922.22,101.3953781,0,0
19/06/2019,144737.12,157.026041,0,6.6,11.9,9.25,7,0.8,Y,N,144737.12,157.026041,0,0
20/06/2019,148609.595,141.9795859,0,6.4,11.3,8.85,6.4,1.6,Y,N,148609.595,141.9795859,0,0
21/06/2019,144504.33,123.8097117,0,6.5,12.6,9.55,8.5,3,Y,N,144504.33,123.8097117,0,0
22/06/2019,132829.29,111.6098615,0,6.8,11.8,9.3,7.3,0.4,Y,N,132829.29,111.6098615,0,0
23/06/2019,133525.32,127.6019028,0,3.6,9.6,6.6,5.9,1.2,Y,N,133525.32,127.6019028,0,0
24/06/2019,146856.8,117.5189607,0,4.2,16,10.1,9,0,Y,N,146856.8,117.5189607,0,0
25/06/2019,145807.25,124.0512778,0,3.5,17,10.25,8.9,0,Y,N,145807.25,124.0512778,0,0
26/06/2019,139351.56,106.19914,0,4.6,18,11.3,9.2,0.2,Y,N,139351.56,106.19914,0,0
27/06/2019,131023.66,77.67112944,0,5.9,17.5,11.7,9.2,0,Y,N,131023.66,77.67112944,0,0
28/06/2019,123546.62,61.81515593,0,10.7,19.5,15.1,9.2,0,N,N,123546.62,61.81515593,0,0
29/06/2019,117924.13,52.91240414,0.041666668,13,17.6,15.3,2.6,0.8,N,N,114149.88,54.66655993,3774.25,-0.140963397
30/06/2019,116150.915,51.90114988,0,8.1,14.5,11.3,8.5,6.4,N,N,116150.915,51.90114988,0,0
1/07/2019,130565.58,67.19546461,0.020833334,9.5,14.1,11.8,8.3,0,N,N,128574.055,68.23782577,1991.525,-0.1
2/07/2019,135866.75,93.1106743,0,8.6,15.9,12.25,6.6,0,N,N,135866.75,93.1106743,0,0
3/07/2019,137327.7,97.28799981,0,8.2,13.7,10.95,7.5,0,N,N,137327.7,97.28799981,0,0
4/07/2019,135182.725,85.90178264,0,5.3,13.5,9.4,6.9,0,N,N,135182.725,85.90178264,0,0
5/07/2019,132774.295,78.71906603,0,3.5,19.1,11.3,9,0,N,N,132774.295,78.71906603,0,0
6/07/2019,114660.9,64.99290405,0,6,19.4,12.7,9.3,0,N,N,114660.9,64.99290405,0,0
7/07/2019,114469.88,87.74718655,0,9,18.2,13.6,6.1,0.2,N,N,114469.88,87.74718655,0,0
8/07/2019,127307.26,101.9441713,0,11,16,13.5,8.2,5.2,N,N,127307.26,101.9441713,0,0
9/07/2019,133803.985,125.0990315,0,6.8,15,10.9,7.2,0.2,N,N,133803.985,125.0990315,0,0
10/07/2019,127092.715,84.78069491,0.020833334,9.5,15.4,12.45,6.7,0.2,N,N,125075.01,86.14837365,2017.705,0
11/07/2019,133131.52,89.21770528,0,7.8,14.3,11.05,4.6,6.4,N,N,133131.52,89.21770528,0,0
12/07/2019,128384.14,90.9696995,0,10.1,15.7,12.9,6.2,2.4,N,N,128384.14,90.9696995,0,0
13/07/2019,123954.31,82.19006879,0,7,12,9.5,8.3,4.4,N,N,123954.31,82.19006879,0,0
14/07/2019,123740.265,81.78499643,0,7.1,13.1,10.1,3.8,0.8,N,N,123740.265,81.78499643,0,0
15/07/2019,131739.2,92.26999314,0,8.9,14.3,11.6,7.6,4.4,N,N,131739.2,92.26999314,0,0
16/07/2019,132941.77,114.6004499,0,9.9,13.9,11.9,6.4,1.8,Y,N,132941.77,114.6004499,0,0
17/07/2019,135339.82,91.54588645,0,9.7,13.7,11.7,3.6,0,Y,N,135339.82,91.54588645,0,0
18/07/2019,134119.14,85.91887883,0,9,14.3,11.65,7.9,0.4,Y,N,134119.14,85.91887883,0,0
19/07/2019,132101.86,101.5731984,0,7.5,15.7,11.6,9.6,1.6,Y,N,132101.86,101.5731984,0,0
20/07/2019,111288.905,52.5253199,0.083333336,8,17.1,12.55,10.3,0,Y,N,103392.82,58.16419404,7896.085,-21.31115724
21/07/2019,111293.15,60.15659043,0,11.3,16.6,13.95,8.1,0,Y,N,111293.15,60.15659043,0,0
22/07/2019,123618.42,64.58534309,0.083333336,7.9,15.6,11.75,10.6,0,Y,N,114666.04,70.09766126,8952.38,-6.018864514
23/07/2019,129008.62,69.86479583,0,9.9,15.2,12.55,8.2,1.6,Y,N,129008.62,69.86479583,0,0
24/07/2019,135782.545,87.2562993,0,7,14.4,10.7,7.8,8,Y,N,135782.545,87.2562993,0,0
25/07/2019,132940.63,84.07621011,0,9.2,14.8,12,5.2,0,Y,N,132940.63,84.07621011,0,0
26/07/2019,136493.13,95.23321785,0.125,11,14,12.5,5.9,0,Y,N,124212.345,106.0225038,12280.785,-13.89356075
27/07/2019,121958.69,94.37586715,0,9.8,15.3,12.55,8.7,6.8,Y,N,121958.69,94.37586715,0,0
28/07/2019,118413.135,85.71207304,0,6.6,15.1,10.85,10.2,0,Y,N,118413.135,85.71207304,0,0
29/07/2019,133205.18,95.8737528,0,8.9,14.6,11.75,9.9,0,Y,N,133205.18,95.8737528,0,0
30/07/2019,138858.045,110.4700594,0,7.9,12.5,10.2,8.7,0.8,Y,N,138858.045,110.4700594,0,0
31/07/2019,140275.83,153.2668494,0,3,12.5,7.75,11.3,0,Y,N,140275.83,153.2668494,0,0
1/08/2019,137651.135,98.96700554,0,5.8,13.8,9.8,8.6,0,Y,N,137651.135,98.96700554,0,0
2/08/2019,135633.89,106.5682167,0,9.7,12.7,11.2,7.4,0.4,Y,N,135633.89,106.5682167,0,0
3/08/2019,119933.7,121.5323565,0,10,13.9,11.95,6.2,0,Y,N,119933.7,121.5323565,0,0
4/08/2019,120350.215,127.8811699,0,9.2,13.1,11.15,7.2,1,Y,N,120350.215,127.8811699,0,0
5/08/2019,125652.055,108.4969239,0,10,15.8,12.9,10.7,0,Y,N,125652.055,108.4969239,0,0
6/08/2019,132120.39,89.42780511,0,9.1,13.5,11.3,4.5,0.4,Y,N,132120.39,89.42780511,0,0
7/08/2019,136315.38,129.2625292,0,9.3,14.1,11.7,7.5,0,Y,N,136315.38,129.2625292,0,0
8/08/2019,133004.73,95.45419528,0,6.7,13.9,10.3,9.6,10.8,Y,N,133004.73,95.45419528,0,0
9/08/2019,142555.105,119.9574815,0,7.8,10.1,8.95,7.3,2,Y,N,142555.105,119.9574815,0,0
10/08/2019,128554.605,94.66880878,0,5.2,12.5,8.85,6.6,4.2,Y,N,128554.605,94.66880878,0,0
11/08/2019,121028.325,98.10109395,0,4.8,12.9,8.85,11.4,6,Y,N,121028.325,98.10109395,0,0
12/08/2019,136683.4,163.3616367,0,6.3,12,9.15,9.9,8.8,Y,N,136683.4,163.3616367,0,0
13/08/2019,141474.265,267.3476499,0,8.8,13.1,10.95,7,0,Y,N,141474.265,267.3476499,0,0
14/08/2019,134681.435,123.8521422,0,9.1,13.8,11.45,6.7,0.2,Y,N,134681.435,123.8521422,0,0
15/08/2019,128119.715,76.35098087,0,7.3,16.2,11.75,10.5,0,Y,N,128119.715,76.35098087,0,0
16/08/2019,129781.155,100.0115921,0,10.6,16.9,13.75,6.3,0,Y,N,129781.155,100.0115921,0,0
17/08/2019,115460.6,75.49141332,0,7,16.5,11.75,13.4,3.8,Y,N,115460.6,75.49141332,0,0
18/08/2019,110816.375,52.02449269,0.041666668,8.8,19.4,14.1,9.3,0,Y,N,106868.375,53.95142559,3948,-0.135635765
19/08/2019,131067.25,81.72362524,0,5.8,12.3,9.05,12.8,4,Y,N,131067.25,81.72362524,0,0
20/08/2019,131438.55,61.92654742,0,7.6,17,12.3,7.2,0.4,Y,N,131438.55,61.92654742,0,0
21/08/2019,120747.08,54.38688032,0.125,11.5,16.6,14.05,11.5,0.2,Y,N,108231.375,61.18415359,12515.705,-4.393526557
22/08/2019,127697.99,89.13914759,0.125,9.6,13,11.3,11.3,1.6,Y,N,115725.605,101.3961175,11972.385,-29.33726818
23/08/2019,126763.365,91.09893111,0.020833334,3.8,15.1,9.45,14.5,0,Y,N,124541.72,92.77145547,2221.645,-2.66
24/08/2019,107303.475,55.14989882,0.0625,7.9,18,12.95,13,0,Y,N,101567.635,58.43529871,5735.84,-3.026461826
25/08/2019,113980.3,119.3055933,0,6.5,12.9,9.7,13.9,1.2,Y,N,113980.3,119.3055933,0,0
26/08/2019,132704.365,142.1848103,0,5.3,14.4,9.85,14.7,0,Y,N,132704.365,142.1848103,0,0
27/08/2019,130964.885,131.1074194,0,4.2,15.3,9.75,12.9,0,Y,N,130964.885,131.1074194,0,0
28/08/2019,137660.94,140.9420211,0,8.3,13.4,10.85,5,0,Y,N,137660.94,140.9420211,0,0
29/08/2019,134233.345,135.2468604,0,6.1,13,9.55,13.2,6.2,Y,N,134233.345,135.2468604,0,0
30/08/2019,131871.08,185.2052836,0,2.3,15.3,8.8,15.6,0.2,Y,N,131871.08,185.2052836,0,0
31/08/2019,107616.03,79.34719837,0.16666667,5,18.2,11.6,15.8,0,Y,N,93611.49,96.00928536,14004.54,-32.02831194
1/09/2019,106779.475,75.51274154,0.083333336,11.1,19.6,15.35,9.4,0,Y,N,99421.01,82.10718286,7358.465,-13.58546256
2/09/2019,121697.38,92.69108892,0,10.2,17.6,13.9,13.8,2.4,Y,N,121697.38,92.69108892,0,0
3/09/2019,118871.215,114.8862595,0,9.2,19.6,14.4,16.4,0.6,Y,N,118871.215,114.8862595,0,0
4/09/2019,122652.81,144.3934345,0,8.2,18.7,13.45,15.1,0,Y,N,122652.81,144.3934345,0,0
5/09/2019,120223.175,99.34544347,0,8.7,21.2,14.95,14.8,3.4,Y,N,120223.175,99.34544347,0,0
6/09/2019,122222.69,67.97275419,0,11.3,16,13.65,10.4,2,Y,N,122222.69,67.97275419,0,0
7/09/2019,115200.19,73.467963,0,8.8,12.9,10.85,11.3,1,Y,N,115200.19,73.467963,0,0
8/09/2019,116999.07,65.37643892,0.020833334,8.2,15.1,11.65,9.5,0.6,Y,N,114676.565,66.70048544,2322.505,0
9/09/2019,130448.115,92.61396885,0,6.8,12.8,9.8,14.4,5.6,Y,N,130448.115,92.61396885,0,0
10/09/2019,131665.015,150.0279612,0,7.7,14.8,11.25,16.1,2.6,Y,N,131665.015,150.0279612,0,0
11/09/2019,121100.045,83.05214828,0,5,20.8,12.9,17.8,0,Y,N,121100.045,83.05214828,0,0
12/09/2019,118723.07,76.52661892,0.020833334,11.1,20.8,15.95,11.8,0,Y,N,116837.755,77.76146619,1885.315,0
13/09/2019,120349.015,108.2140233,0,7.7,18.6,13.15,14,0,Y,N,120349.015,108.2140233,0,0
14/09/2019,103500.955,106.4610523,0,9.3,20,14.65,18.3,0,Y,N,103500.955,106.4610523,0,0
15/09/2019,105149.02,87.63007499,0,12.4,21.8,17.1,8.4,1.6,Y,N,105149.02,87.63007499,0,0
16/09/2019,119362.235,137.4673567,0,9.7,12.8,11.25,17.7,13,Y,N,119362.235,137.4673567,0,0
17/09/2019,124129.44,149.599176,0,3.6,14.8,9.2,19,0,Y,N,124129.44,149.599176,0,0
18/09/2019,119715.705,151.2558046,0,4.3,18.9,11.6,19.2,0,Y,N,119715.705,151.2558046,0,0
19/09/2019,108102.56,82.43824146,0,8.2,24,16.1,19.4,0,Y,N,108102.56,82.43824146,0,0
20/09/2019,107222.345,106.2793137,0,15.7,26.2,20.95,14.4,0,N,N,107222.345,106.2793137,0,0
21/09/2019,101348.35,112.2577451,0,14.5,19.4,16.95,10.5,0,N,N,101348.35,112.2577451,0,0
22/09/2019,102386.525,103.2310155,0,7.9,15.5,11.7,13.6,4.6,N,N,102386.525,103.2310155,0,0
23/09/2019,121862.885,109.7326738,0,8.9,15.2,12.05,13.9,2,N,N,121862.885,109.7326738,0,0
24/09/2019,125787.33,148.2298325,0,8.3,15.1,11.7,13.3,1.4,N,N,125787.33,148.2298325,0,0
25/09/2019,124302.93,192.4850347,0,8.7,16.6,12.65,13.1,0,N,N,124302.93,192.4850347,0,0
26/09/2019,117320.175,139.4994437,0,8.3,20.3,14.3,19.6,0,N,N,117320.175,139.4994437,0,0
27/09/2019,106043.02,69.64095969,0.104166664,12.3,18.8,15.55,7.4,0,N,Y,96907.615,84.63975728,9135.405,-89.46503521
28/09/2019,108762.31,132.2621226,0,7.2,14.9,11.05,17.7,0.2,N,N,108762.31,132.2621226,0,0
29/09/2019,104804.09,90.4013205,0,9.1,15.8,12.45,19,0,N,N,104804.09,90.4013205,0,0
30/09/2019,121770.82,107.8227368,0,10.1,14.1,12.1,14.4,0,N,N,121770.82,107.8227368,0,0
1/10/2019,117265.275,121.3908912,0,4.2,20.5,12.35,21.7,0,N,N,117265.275,121.3908912,0,0
2/10/2019,110760.825,108.6616766,0,9.3,26.5,17.9,18.5,0,N,N,110760.825,108.6616766,0,0
3/10/2019,109312.85,108.8439126,0,15.1,29.7,22.4,22,0,N,N,109312.85,108.8439126,0,0
4/10/2019,117512.56,136.3619947,0,12.5,15.2,13.85,11,0,N,N,117512.56,136.3619947,0,0
5/10/2019,101386.01,88.04906289,0,7.6,24.3,15.95,17.4,1.8,N,N,101386.01,88.04906289,0,0
6/10/2019,93011.345,54.72011454,0.083333336,12.9,24.8,18.85,17.4,0,N,N,86559.575,62.11943101,6451.77,-44.55212997
7/10/2019,113296.31,112.0755955,0,11.6,16.4,14,15.1,0,N,N,113296.31,112.0755955,0,0
8/10/2019,117504.775,130.6718253,0,9.5,14.2,11.85,17,2.6,Y,N,117504.775,130.6718253,0,0
9/10/2019,122771.82,131.5850422,0,8.5,15,11.75,19.3,5.8,Y,N,122771.82,131.5850422,0,0
10/10/2019,123692.08,167.9811358,0,10.2,14.7,12.45,12.6,0.2,Y,N,123692.08,167.9811358,0,0
11/10/2019,115250.505,114.6969754,0,9.5,18.9,14.2,17.5,0,Y,N,115250.505,114.6969754,0,0
12/10/2019,101053.365,93.12022349,0,8.2,20.4,14.3,20.1,0,Y,N,101053.365,93.12022349,0,0
13/10/2019,94744.7,90.16423585,0,9.4,23.1,16.25,19.6,0,Y,N,94744.7,90.16423585,0,0
14/10/2019,110290.12,119.0137926,0,13.6,26.7,20.15,20.2,0.2,Y,N,110290.12,119.0137926,0,0
15/10/2019,112052.12,123.2613285,0,13,18,15.5,20.6,0,Y,N,112052.12,123.2613285,0,0
16/10/2019,117533.72,116.3406692,0,13.3,20.4,16.85,11.4,0,Y,N,117533.72,116.3406692,0,0
17/10/2019,116690.04,92.4980437,0,9.5,15.2,12.35,9.6,4.4,Y,N,116690.04,92.4980437,0,0
18/10/2019,109857.485,76.31832856,0.020833334,7.3,22.1,14.7,23.2,0.8,Y,N,107709.18,77.98413683,2148.305,-7.2
19/10/2019,102032.495,67.01442281,0.104166664,9.4,15.3,12.35,15.8,0.8,Y,N,92602.27,76.00108763,9430.225,-21.23220566
20/10/2019,102684.515,87.53321242,0,10,16.4,13.2,14.7,0.8,Y,N,102684.515,87.53321242,0,0
21/10/2019,114502.07,111.6668677,0,11.5,17,14.25,19.6,0,Y,N,114502.07,111.6668677,0,0
22/10/2019,114108.545,111.449844,0,11.9,19.6,15.75,23.7,0,Y,N,114108.545,111.449844,0,0
23/10/2019,114281.615,99.73613303,0,8.2,27.9,18.05,26,0,Y,N,114281.615,99.73613303,0,0
24/10/2019,115442.655,82.37009654,0,13,33.8,23.4,26.1,0.2,Y,N,115442.655,82.37009654,0,0
25/10/2019,109130.77,70.88468961,0,16.8,21.6,19.2,10,0,Y,N,109130.77,70.88468961,0,0
26/10/2019,96698.285,44.84928375,0.104166664,9.6,15.5,12.55,17.2,3.8,Y,N,87606.39,58.59465816,9091.895,-87.59644195
27/10/2019,102830.555,87.80824298,0,10.3,17,13.65,10.1,1.2,Y,N,102830.555,87.80824298,0,0
28/10/2019,112634.635,104.0916075,0,8.7,21.6,15.15,26.3,1.4,Y,N,112634.635,104.0916075,0,0
29/10/2019,111887.405,130.1986817,0,9.7,30.5,20.1,27,0,Y,N,111887.405,130.1986817,0,0
30/10/2019,117375.73,130.318312,0,13.8,25.1,19.45,27.2,0,Y,N,117375.73,130.318312,0,0
31/10/2019,121752.875,89.65963518,0.020833334,14.2,33.7,23.95,25.5,0,Y,N,119910.49,91.03737945,1842.385,-0.01
1/11/2019,130510.905,90.3188415,0.020833334,20,34.3,27.15,22.8,0,Y,N,128446.34,91.77426615,2064.565,-0.23
2/11/2019,105806.825,90.79891252,0,15.8,18.9,17.35,2.2,4.2,Y,N,105806.825,90.79891252,0,0
3/11/2019,96867.015,72.3988408,0,12.8,20.7,16.75,7.8,12.4,Y,N,96867.015,72.3988408,0,0
4/11/2019,107279.84,79.09640417,0,9.5,16.2,12.85,11.2,1.2,Y,N,107279.84,79.09640417,0,0
5/11/2019,96817,66.47681474,0.0625,7.7,19.6,13.65,27.4,10.2,Y,Y,92009.655,71.42670966,4807.345,-28.26115899
6/11/2019,104381.38,58.45195188,0.020833334,10.5,24.1,17.3,19.9,0,Y,N,102311.48,60.058968,2069.9,-20.98
7/11/2019,115132.64,63.89768627,0,11.5,17.7,14.6,8.3,0,Y,N,115132.64,63.89768627,0,0
8/11/2019,113954.78,81.07754151,0,10.3,15,12.65,16.1,6.8,Y,N,113954.78,81.07754151,0,0
9/11/2019,108924.79,70.47488424,0,7.6,14.2,10.9,9.8,6.4,Y,N,108924.79,70.47488424,0,0
10/11/2019,101550.045,86.63900971,0,10.8,18.1,14.45,13.5,0.2,Y,N,101550.045,86.63900971,0,0
11/11/2019,106758.95,66.49132611,0,10,29.6,19.8,27.4,0,Y,N,106758.95,66.49132611,0,0
12/11/2019,104303.46,57.06984589,0,11.5,17.4,14.45,12.7,0.6,Y,N,104303.46,57.06984589,0,0
13/11/2019,112573.54,64.51938945,0.020833334,9.1,17.3,13.2,12,1.6,Y,N,110318.825,66.22289851,2254.715,-18.83
14/11/2019,109828.93,74.43626304,0,12.1,22.4,17.25,19.7,0.8,Y,N,109828.93,74.43626304,0,0
15/11/2019,110954.755,72.06559877,0,13,18.5,15.75,12.4,0,Y,N,110954.755,72.06559877,0,0
16/11/2019,97646.12,67.18721945,0.020833334,9.2,17.2,13.2,23.9,0,Y,N,95633.09,68.60168821,2013.03,-0.01
17/11/2019,96742.49,66.41186458,0,10.8,16.2,13.5,24.1,0,Y,N,96742.49,66.41186458,0,0
18/11/2019,109148.25,72.2810715,0,8.5,26.9,17.7,29.9,0,Y,N,109148.25,72.2810715,0,0
19/11/2019,112033.87,81.95589562,0,11.4,18.6,15,27.9,0,Y,N,112033.87,81.95589562,0,0
20/11/2019,119736.125,83.7632517,0,9.4,34.7,22.05,30.1,0,Y,N,119736.125,83.7632517,0,0
21/11/2019,131312,72.81531121,0,14,40.9,27.45,18.8,0,Y,N,131312,72.81531121,0,0
22/11/2019,109049.365,65.41297801,0,13.6,20,16.8,28.3,0,Y,N,109049.365,65.41297801,0,0
23/11/2019,97245.765,49.79429278,0,10.1,23.8,16.95,24.6,0,Y,N,97245.765,49.79429278,0,0
24/11/2019,96778.25,60.75544396,0,11.9,23.7,17.8,30.6,0,Y,N,96778.25,60.75544396,0,0
25/11/2019,113899.3,71.00111618,0,11.4,27.4,19.4,18,0,Y,N,113899.3,71.00111618,0,0
26/11/2019,107629.16,47.35059213,0,11.4,16.4,13.9,22.2,2,Y,N,107629.16,47.35059213,0,0
27/11/2019,108417.695,59.044675,0,8.6,24.8,16.7,31,0,Y,N,108417.695,59.044675,0,0
28/11/2019,112735.875,70.20255196,0,11.4,21.1,16.25,30.7,0,Y,N,112735.875,70.20255196,0,0
29/11/2019,114799.91,79.60572907,0,11.9,19.7,15.8,21.9,0,Y,N,114799.91,79.60572907,0,0
30/11/2019,98959.56,51.05874163,0.0625,10.3,18.4,14.35,26.7,8,Y,N,93762.83,55.61133103,5196.73,-31.08207885
1/12/2019,100233.98,33.15486702,0.020833334,12.2,16.8,14.5,9.8,0,Y,N,98253.315,33.98994097,1980.665,-8.27
2/12/2019,110609.4,29.07038255,0.041666668,9.8,15.5,12.65,18.2,3.4,Y,N,106674.71,30.3545588,3934.69,-5.745353751
3/12/2019,109094.04,19.17095068,0.16666667,11,22.2,16.6,19.2,0.4,Y,N,91683.43,25.93529629,17410.61,-16.44976605
4/12/2019,107400.705,39.41504815,0.020833334,12.1,23,17.55,20.3,0,Y,N,105534.825,40.19324433,1865.88,-4.6
5/12/2019,107891.69,45.83032615,0.14583333,12.3,23.9,18.1,20.4,0,Y,N,92943.14,57.43604197,14948.55,-26.32862369
6/12/2019,105028.985,41.38035927,0.041666668,13.3,20.8,17.05,18.2,0,Y,N,101007.78,43.0368365,4021.205,-0.228334355
7/12/2019,95436.3,47.12307019,0.041666668,11.2,21,16.1,30.3,0,Y,N,92139.345,49.08931073,3296.955,-7.827062593
8/12/2019,97577.415,43.69041139,0.0625,13.8,27.6,20.7,30.8,0,Y,N,92279.66,46.31698586,5297.755,-2.060930375
9/12/2019,127910.835,62.71879257,0.125,16.3,38,27.15,28.6,0,Y,N,116652.975,70.77104926,11257.86,-20.71799721
10/12/2019,109548.62,48.33616468,0,14.3,17.2,15.75,22.2,0,Y,N,109548.62,48.33616468,0,0
11/12/2019,109060.375,57.73048537,0,13.4,18.1,15.75,21.8,0,Y,N,109060.375,57.73048537,0,0
12/12/2019,108599.065,41.64754349,0,13.4,18.4,15.9,22.7,0,Y,N,108599.065,41.64754349,0,0
13/12/2019,107070.61,58.51737364,0,11.4,20.9,16.15,24.8,0,Y,N,107070.61,58.51737364,0,0
14/12/2019,101239.235,65.76524835,0,14.1,20.1,17.1,10.4,0,Y,N,101239.235,65.76524835,0,0
15/12/2019,98723.45,50.93674307,0.041666668,15.1,21.7,18.4,16.4,0,Y,N,95082.89,53.53217456,3640.56,-16.84984112
16/12/2019,114400.065,73.60174913,0,13,22.6,17.8,21.7,0,Y,N,114400.065,73.60174913,0,0
17/12/2019,123999.07,83.08408218,0,12.6,26.3,19.45,29.5,0,Y,N,123999.07,83.08408218,0,0
18/12/2019,146990.89,95.80297192,0,15.9,40.1,28,29.3,0,Y,N,146990.89,95.80297192,0,0
19/12/2019,125050.61,71.95351192,0,17.2,23.3,20.25,29.3,0,Y,N,125050.61,71.95351192,0,0
20/12/2019,150553.4,243.8101596,0,13.7,43.5,28.6,31.4,0,N,N,150553.4,243.8101596,0,0
21/12/2019,100632.475,44.94113626,0.020833334,16.9,20.2,18.55,28.3,0,N,N,98820.475,45.76537292,1812,-0.01
22/12/2019,90145.615,34.67870591,0.041666668,13.1,19.6,16.35,31.5,0,N,N,86802.105,36.23887975,3343.51,-5.825546746
23/12/2019,101818.025,47.19823427,0,12.1,20,16.05,29.2,0,N,N,101818.025,47.19823427,0,0
24/12/2019,102168.93,57.33130511,0,14.1,24.5,19.3,31.4,0,N,N,102168.93,57.33130511,0,0
25/12/2019,98312.745,42.25723939,0,14,27.9,20.95,32,0,N,Y,98312.745,42.25723939,0,0
26/12/2019,96120.525,41.25598668,0,16.5,20.5,18.5,26.2,0,N,Y,96120.525,41.25598668,0,0
27/12/2019,107256.065,56.12245133,0,13.6,23.9,18.75,31.6,0,N,N,107256.065,56.12245133,0,0
28/12/2019,113521.685,63.2954493,0,16.7,28.4,22.55,20.6,0,N,N,113521.685,63.2954493,0,0
29/12/2019,118293.525,87.68668878,0,16.8,33.2,25,31.9,0,N,N,118293.525,87.68668878,0,0
30/12/2019,140410.125,295.8292019,0,19.7,40.8,30.25,18.8,0,N,N,140410.125,295.8292019,0,0
31/12/2019,95410.39,46.25148392,0,15.3,21.2,18.25,29.3,2.4,N,N,95410.39,46.25148392,0,0
1/01/2020,89077.855,50.92180276,0,11.8,24.9,18.35,31.6,0,N,Y,89077.855,50.92180276,0,0
2/01/2020,102988.185,69.54622563,0,12.8,25,18.9,31.6,0,N,N,102988.185,69.54622563,0,0
3/01/2020,118922.215,65.43592156,0,13.7,36.6,25.15,30.7,0,N,N,118922.215,65.43592156,0,0
4/01/2020,102245.61,28.04223073,0.14583333,18.6,26.8,22.7,22.8,0,N,N,87566.775,43.31229701,14678.835,-63.05154193
5/01/2020,95671.2,18.87543557,0.27083334,12.7,16.7,14.7,5.1,2.2,N,N,71162.635,30.41231854,24508.565,-14.62285336
6/01/2020,110253.59,56.10440026,0,11.9,18,14.95,2.7,8.2,N,N,110253.59,56.10440026,0,0
7/01/2020,109336.56,59.42379013,0,12.6,20.1,16.35,7.7,1.2,N,N,109336.56,59.42379013,0,0
8/01/2020,110038.625,53.31322981,0,16.8,23.8,20.3,26.9,0,N,N,110038.625,53.31322981,0,0
9/01/2020,127365.59,86.98086498,0,17.9,31.9,24.9,29.8,0,N,N,127365.59,86.98086498,0,0
10/01/2020,122533.88,65.48598559,0,20.1,32.9,26.5,10.1,0,N,N,122533.88,65.48598559,0,0
11/01/2020,91886.605,22.78453983,0.1875,13.5,19.3,16.4,18.2,15.6,N,N,76274.465,33.78090733,15612.14,-30.93916799
12/01/2020,91797.595,45.62791308,0,14.2,19.9,17.05,21.9,0,N,N,91797.595,45.62791308,0,0
13/01/2020,119653.945,76.95247324,0,12.7,32.2,22.45,28.1,0,N,N,119653.945,76.95247324,0,0
14/01/2020,137302.605,88.84765354,0,16.7,33.8,25.25,27.4,0,N,N,137302.605,88.84765354,0,0
15/01/2020,137408.225,63.73047072,0,19.5,36.8,28.15,20.8,0,N,N,137408.225,63.73047072,0,0
16/01/2020,109669.645,33.40442593,0.0625,15.7,19.6,17.65,18.6,19.6,N,N,102799.86,36.90270869,6869.785,-18.94407963
17/01/2020,108108.175,39.50076193,0,14.4,24.8,19.6,24.4,0,N,N,108108.175,39.50076193,0,0
18/01/2020,105946.34,52.05315547,0,13.9,29.4,21.65,27.2,0,N,N,105946.34,52.05315547,0,0
19/01/2020,106921.555,60.34705595,0,17.5,25.5,21.5,23.9,0,N,N,106921.555,60.34705595,0,0
20/01/2020,116291.535,45.35933548,0.020833334,19.1,21.8,20.45,8.8,0.4,N,N,113678.465,53.39333171,2613.07,-304.15
21/01/2020,112128.195,53.56486954,0,14.8,23.5,19.15,28.4,44,N,N,112128.195,53.56486954,0,0
22/01/2020,119287.15,45.15569085,0,14.1,31.7,22.9,12.4,0,N,N,119287.15,45.15569085,0,0
23/01/2020,112254.83,-1.761423453,0.29166666,12.9,22.6,17.75,13.4,22.8,N,N,79370.7,30.02449446,32884.13,-78.48142654
24/01/2020,109316.375,49.47943371,0,11.7,24.1,17.9,20.6,1.2,N,N,109316.375,49.47943371,0,0
25/01/2020,102445.88,50.13282313,0,13,27.4,20.2,30,0,N,N,102445.88,50.13282313,0,0
26/01/2020,101233.205,51.41502923,0,15.8,23.6,19.7,24,0,N,Y,101233.205,51.41502923,0,0
27/01/2020,103134.46,54.45308234,0,12.8,23.1,17.95,26.1,0,N,Y,103134.46,54.45308234,0,0
28/01/2020,116190.555,67.1738294,0,13.6,25.4,19.5,26.5,0,N,N,116190.555,67.1738294,0,0
29/01/2020,129812.915,78.27234224,0,15.2,31.5,23.35,29.5,0,N,N,129812.915,78.27234224,0,0
30/01/2020,154816.49,1044.447303,0,16.4,39.4,27.9,29.3,0,Y,N,154816.49,1044.447303,0,0
31/01/2020,170653.84,2809.437516,0,21.5,42.9,32.2,18.3,0,Y,N,170653.84,2809.437516,0,0
1/02/2020,131856.315,86.90860795,0,23.5,29.3,26.4,1.8,0.8,Y,N,131856.315,86.90860795,0,0
2/02/2020,97609.06,14.2356353,0.020833334,14.2,25.1,19.65,21,14.8,Y,N,95445.915,14.55826559,2163.145,0
3/02/2020,105004.91,15.31077199,0.020833334,13.2,17.7,15.45,22.7,0,Y,N,103186.14,15.5806413,1818.77,0
4/02/2020,107034.065,25.21209272,0.0625,11.3,19.7,15.5,28.6,0,Y,N,100875.89,27.08338254,6158.175,-5.44114892
5/02/2020,108988.44,42.116875,0,10.8,20.1,15.45,27.1,0,Y,N,108988.44,42.116875,0,0
6/02/2020,120569.46,42.7660323,0,13.7,25.5,19.6,25,0,Y,N,120569.46,42.7660323,0,0
7/02/2020,120734.85,45.33242536,0,16.5,23.2,19.85,18.4,0,Y,N,120734.85,45.33242536,0,0
8/02/2020,107864.445,28.57090708,0,17.4,29.4,23.4,27.5,0,Y,N,107864.445,28.57090708,0,0
9/02/2020,103857.11,21.55549181,0.0625,19.6,28.2,23.9,19.9,0,Y,N,97924.965,23.05320475,5932.145,-3.168025006
10/02/2020,122975.46,50.80924218,0,18.5,27.7,23.1,15,0.6,Y,N,122975.46,50.80924218,0,0
11/02/2020,127110.58,61.28984085,0,19.5,25.9,22.7,19.1,0,Y,N,127110.58,61.28984085,0,0
12/02/2020,124618.565,53.24352505,0,19.1,27.7,23.4,17.3,0,Y,N,124618.565,53.24352505,0,0
13/02/2020,139137.185,79.01849432,0,19.4,31.7,25.55,26.7,0,Y,N,139137.185,79.01849432,0,0
14/02/2020,139855.63,79.50264397,0,20.3,33.7,27,10.6,0,Y,N,139855.63,79.50264397,0,0
15/02/2020,108300.635,55.67496226,0,18.9,19.3,19.1,2.4,5.4,Y,N,108300.635,55.67496226,0,0
16/02/2020,100904.27,47.00473539,0,16.9,26.4,21.65,23.8,2.8,Y,N,100904.27,47.00473539,0,0
17/02/2020,123351.845,64.10902188,0,15.2,25.6,20.4,26.4,0,Y,N,123351.845,64.10902188,0,0
18/02/2020,119178.12,60.59554515,0,17.6,21.8,19.7,7.3,0,Y,N,119178.12,60.59554515,0,0
19/02/2020,109375.215,51.44203692,0,13.3,19.7,16.5,12.9,38,Y,N,109375.215,51.44203692,0,0
20/02/2020,112202.145,58.36129092,0,14.2,18.7,16.45,15.2,3.2,Y,N,112202.145,58.36129092,0,0
21/02/2020,108949.055,48.65820337,0,13.5,19.6,16.55,17.1,2.8,Y,N,108949.055,48.65820337,0,0
22/02/2020,96922.02,42.23609358,0,11.4,21.1,16.25,25.4,0,Y,N,96922.02,42.23609358,0,0
23/02/2020,106129.665,51.31845616,0,13.3,34,23.65,21.6,0,Y,N,106129.665,51.31845616,0,0
24/02/2020,122619.055,57.23408318,0,16.8,23.7,20.25,5.4,0,Y,N,122619.055,57.23408318,0,0
25/02/2020,123558.425,60.55470181,0,18.4,31.6,25,10.6,3.6,Y,N,123558.425,60.55470181,0,0
26/02/2020,108371.125,45.06152522,0,16.2,19.2,17.7,19.3,4,Y,N,108371.125,45.06152522,0,0
27/02/2020,108675.4,48.54266915,0,11,19.7,15.35,11.1,0.2,Y,N,108675.4,48.54266915,0,0
28/02/2020,110006.97,50.30635286,0,13.1,20.1,16.6,17.6,0,Y,N,110006.97,50.30635286,0,0
29/02/2020,100380.94,51.28960873,0,14.7,22.4,18.55,22.8,0,Y,N,100380.94,51.28960873,0,0
1/03/2020,101413.145,43.74592103,0,13.2,32.1,22.65,20.8,0,Y,N,101413.145,43.74592103,0,0
2/03/2020,106359.955,52.72839509,0,14.2,18.4,16.3,21.1,3,Y,N,106359.955,52.72839509,0,0
3/03/2020,108746.37,49.78108973,0,14.7,19.5,17.1,15.9,0,Y,N,108746.37,49.78108973,0,0
4/03/2020,117505.625,58.52287051,0,13.6,23.5,18.55,7.1,0,Y,N,117505.625,58.52287051,0,0
5/03/2020,119734.635,57.03638211,0,15.4,20.3,17.85,4.3,54.6,Y,N,119734.635,57.03638211,0,0
6/03/2020,111322.325,53.73651471,0,15.9,19,17.45,12.7,7,Y,N,111322.325,53.73651471,0,0
7/03/2020,96850.78,28.02046621,0.020833334,15.4,20,17.7,17.1,0.2,Y,N,94967.79,28.57604676,1882.99,0
8/03/2020,92553.29,17.91641531,0.041666668,13.9,22.4,18.15,19.5,0,Y,N,89066.245,18.63921706,3487.045,-0.54541619
9/03/2020,94641.7,22.04145155,0.083333336,12.3,21,16.65,19.7,0,Y,Y,87551.7,24.04946678,7090,-2.75476091
10/03/2020,112142.54,48.05972395,0,10.3,22.3,16.3,21.9,0,Y,N,112142.54,48.05972395,0,0
11/03/2020,118830.14,44.36993675,0,12.6,29.5,21.05,15.7,0,Y,N,118830.14,44.36993675,0,0
12/03/2020,120272.775,39.12756574,0.083333336,16.6,29.5,23.05,19.5,0,Y,N,112752.725,41.73718117,7520.05,0
13/03/2020,115075.81,40.12713492,0,19.1,26.8,22.95,7.3,0,Y,N,115075.81,40.12713492,0,0
14/03/2020,96016.19,29.13732578,0,13.1,17.9,15.5,12.3,0.6,Y,N,96016.19,29.13732578,0,0
15/03/2020,97664.935,31.65784001,0.020833334,12.7,18.8,15.75,10.2,0,Y,N,95880.12,32.27414472,1784.815,-1.45
16/03/2020,110586.815,46.67088405,0,9.3,26.5,17.9,20.6,0,Y,N,110586.815,46.67088405,0,0
17/03/2020,115254.185,52.45119827,0,11.6,28.2,19.9,19.9,0,Y,N,115254.185,52.45119827,0,0
18/03/2020,121127.145,51.29144223,0,17.7,28.3,23,9.1,0,Y,N,121127.145,51.29144223,0,0
19/03/2020,127266.86,47.56265955,0,18.7,30.4,24.55,8.2,0,Y,N,127266.86,47.56265955,0,0
20/03/2020,111547.605,40.76436769,0,16.1,22.7,19.4,12.6,0,Y,N,111547.605,40.76436769,0,0
21/03/2020,103999.335,47.45869875,0,14.6,18.4,16.5,10.8,0,Y,N,103999.335,47.45869875,0,0
22/03/2020,97449.685,34.6180548,0,12.1,18.3,15.2,15.2,0,Y,N,97449.685,34.6180548,0,0
23/03/2020,112906.945,44.639439,0,12.7,17.1,14.9,9.9,0.4,Y,N,112906.945,44.639439,0,0
24/03/2020,114935.545,49.44768766,0,8.5,17.9,13.2,15.8,0,N,N,114935.545,49.44768766,0,0
25/03/2020,113147.815,43.72083739,0,10.8,17.5,14.15,7.6,0,N,N,113147.815,43.72083739,0,0
26/03/2020,110088.01,45.52124524,0,13.7,19.8,16.75,15.5,0,N,N,110088.01,45.52124524,0,0
27/03/2020,111958.245,49.31850031,0,13.6,27.6,20.6,17.8,0,N,N,111958.245,49.31850031,0,0
28/03/2020,97923.715,47.96327104,0,14.8,27.5,21.15,16.9,0,N,N,97923.715,47.96327104,0,0
29/03/2020,95953.205,42.33862791,0,16.5,26.4,21.45,9.5,0,N,N,95953.205,42.33862791,0,0
30/03/2020,107687.51,57.50297543,0,15.9,21.7,18.8,13.3,5.2,N,N,107687.51,57.50297543,0,0
31/03/2020,109043.865,57.69019307,0,12.2,21.4,16.8,16.9,0,N,N,109043.865,57.69019307,0,0
1/04/2020,110991.625,62.96751451,0,11,23.1,17.05,15.2,0,N,N,110991.625,62.96751451,0,0
2/04/2020,116302.665,61.53701996,0,12.4,20.7,16.55,4.2,23,N,N,116302.665,61.53701996,0,0
3/04/2020,104294.57,48.63677812,0,13.7,23.2,18.45,12,15.8,N,N,104294.57,48.63677812,0,0
4/04/2020,101854.155,38.37596876,0,12.8,16.6,14.7,6.1,35.2,N,N,101854.155,38.37596876,0,0
5/04/2020,105098.025,23.78090796,0.27083334,9.5,16.9,13.2,4.5,4.4,N,N,79509.45,36.33474396,25588.575,-15.22668024
6/04/2020,118074.565,64.75585113,0,10.7,16.5,13.6,11.5,6.2,N,N,118074.565,64.75585113,0,0
7/04/2020,118404.455,55.23438237,0,11.9,16.4,14.15,9.5,1.4,N,N,118404.455,55.23438237,0,0
8/04/2020,108404.01,44.72939741,0,11.7,18.6,15.15,10.7,1.2,N,N,108404.01,44.72939741,0,0
9/04/2020,108587.52,43.73804476,0,8.9,21.2,15.05,15.8,0,N,N,108587.52,43.73804476,0,0
10/04/2020,94831.23,38.43550662,0.041666668,12.7,22,17.35,9.5,0.2,N,Y,91325.755,40.52900974,3505.475,-16.10510566
11/04/2020,92097.07,19.93410558,0.35416666,13,15.7,14.35,11.3,2.4,N,Y,63861.95,31.16880513,28235.12,-5.476440635
12/04/2020,101760.09,45.98205215,0,11,15.3,13.15,7.7,2.4,N,Y,101760.09,45.98205215,0,0
13/04/2020,100025.9,56.65741702,0,12.2,18.3,15.25,14.3,0,N,Y,100025.9,56.65741702,0,0
14/04/2020,107849.83,40.83855359,0,12.1,23.4,17.75,11.1,0.6,N,N,107849.83,40.83855359,0,0
15/04/2020,104547.34,27.70599581,0,15.6,23.5,19.55,11.8,0,N,N,104547.34,27.70599581,0,0
16/04/2020,106527.945,29.80144816,0,15.4,21.5,18.45,11.3,0.2,N,N,106527.945,29.80144816,0,0
17/04/2020,106943.49,30.78270306,0,11.4,18.4,14.9,10.1,0,N,N,106943.49,30.78270306,0,0
18/04/2020,106888.545,42.660865,0,12.9,16.4,14.65,7.9,0,N,N,106888.545,42.660865,0,0
19/04/2020,100737.835,35.70349081,0.041666668,11.2,19.4,15.3,11.3,0,N,N,96546.265,37.32375295,4191.57,-1.616715682
20/04/2020,109168.595,25.61588931,0.20833333,12,20.8,16.4,8.1,3.4,N,N,91310.765,33.89422463,17857.83,-16.7129452
21/04/2020,111417.63,33.03588516,0.083333336,8.5,19.6,14.05,9.8,0,N,N,102785.53,36.41050774,8632.1,-7.146963723
22/04/2020,113506.01,37.88175157,0,12.8,18.2,15.5,8.8,0,N,N,113506.01,37.88175157,0,0
23/04/2020,112872.88,20.49660012,0.104166664,9.6,19.7,14.65,9.7,0,N,N,102942.935,23.11034761,9929.945,-6.599908288
24/04/2020,106565.295,26.64118007,0.020833334,15.1,22.3,18.7,12.7,0.4,N,N,104726.59,27.11296258,1838.705,-0.23
25/04/2020,96845.12,17.64017408,0.22916667,10.5,21.7,16.1,10.4,0,N,Y,77443.305,25.42742265,19401.815,-13.44301408
26/04/2020,96572.935,13.5630558,0.35416666,15.4,17.7,16.55,6.6,14,N,N,66796.8,22.97082545,29776.135,-7.541392716
27/04/2020,113471.83,33.03141097,0.041666668,8.1,18.1,13.1,12.5,0.6,N,N,109674.88,34.4860931,3796.95,-8.987074547
28/04/2020,112124.06,19.56668786,0.22916667,7.1,18.9,13,10.4,0,N,N,90068.995,24.72418776,22055.065,-1.495631967
29/04/2020,121307.84,32.2651911,0.25,11.2,19.8,15.5,3.6,3.4,N,N,98301.26,44.19715046,23006.58,-18.71703394
30/04/2020,121353.33,30.41346278,0,8.9,15.5,12.2,5.4,23.6,N,N,121353.33,30.41346278,0,0
1/05/2020,127238.875,24.12281687,0.14583333,7.6,13,10.3,5.1,8,N,N,114061.965,27.76734942,13176.91,-7.424984852
2/05/2020,111665.725,22.87564402,0.125,8.3,14.2,11.25,6.2,1.4,N,N,100746.38,25.85609002,10919.345,-4.623179898
3/05/2020,109669.355,36.48853238,0,9.8,15,12.4,8.3,1.8,N,N,109669.355,36.48853238,0,0
4/05/2020,126892.26,53.06344078,0,9.4,14.8,12.1,7,0.2,N,N,126892.26,53.06344078,0,0
5/05/2020,118839.095,33.51569984,0,8,19.5,13.75,11.6,0.4,N,N,118839.095,33.51569984,0,0
6/05/2020,113214.27,17.0648778,0.20833333,10.2,20.1,15.15,9.7,0,N,N,93440.665,21.96042066,19773.605,-6.069132407
7/05/2020,109642.755,15.23790152,0.22916667,15.1,21.1,18.1,6.2,0,N,N,88680.645,25.51113594,20962.11,-28.22323164
8/05/2020,107914.055,30.69821921,0,12.6,19.6,16.1,10.7,0,N,N,107914.055,30.69821921,0,0
9/05/2020,107786.255,22.46155133,0.083333336,12.6,14,13.3,5.4,0.6,N,N,99760.025,24.90131133,8026.23,-7.862837384
10/05/2020,107555.19,36.45639626,0,7.2,14.5,10.85,9,7,N,N,107555.19,36.45639626,0,0
11/05/2020,122550.945,37.85789836,0,7.8,17.1,12.45,7.5,0.6,N,N,122550.945,37.85789836,0,0
12/05/2020,120767.795,29.43362339,0.083333336,10.3,14.8,12.55,8.5,0.2,N,N,112672.61,32.13392977,8095.185,-8.150516801
13/05/2020,127145.14,43.43886852,0,10.4,14.5,12.45,8.9,1.4,N,N,127145.14,43.43886852,0,0
14/05/2020,129285.09,48.11872607,0,6.6,14.7,10.65,9.8,2.8,N,N,129285.09,48.11872607,0,0
15/05/2020,129112.45,51.07777502,0,4.5,15.3,9.9,10.8,0,N,N,129112.45,51.07777502,0,0
16/05/2020,110420.89,46.52909504,0,4.5,18,11.25,10.7,0,N,N,110420.89,46.52909504,0,0
17/05/2020,109774.425,47.15728156,0,5.1,18.5,11.8,10.6,0,N,N,109774.425,47.15728156,0,0
18/05/2020,120076.645,44.49108574,0,5.5,19.4,12.45,10.5,0,N,N,120076.645,44.49108574,0,0
19/05/2020,119789.97,44.37480596,0,8.1,17.7,12.9,4.9,0,N,N,119789.97,44.37480596,0,0
20/05/2020,119803.985,40.05689067,0,10.3,15.8,13.05,7.8,15.6,N,N,119803.985,40.05689067,0,0
21/05/2020,127563.61,58.07487611,0,9.4,13.7,11.55,6.6,12.4,N,N,127563.61,58.07487611,0,0
22/05/2020,130472.2,69.66122064,0,9.1,13.6,11.35,7.8,11.4,N,N,130472.2,69.66122064,0,0
23/05/2020,115234.32,40.60516447,0,9.4,13.5,11.45,5.8,0,N,N,115234.32,40.60516447,0,0
24/05/2020,109579.82,39.99310228,0.020833334,10.9,13.8,12.35,7.9,3,N,N,107716.955,40.69166358,1862.865,-0.4
25/05/2020,125532.575,46.78488884,0,5.5,16,10.75,10,0,N,N,125532.575,46.78488884,0,0
26/05/2020,126788.835,46.7074665,0,5.4,18.5,11.95,9.4,0,N,N,126788.835,46.7074665,0,0
27/05/2020,124189.8,50.44310686,0,5.9,17.1,11.5,7.8,0,Y,N,124189.8,50.44310686,0,0
28/05/2020,124062.485,65.36037865,0,12.1,17.6,14.85,6.7,0,Y,N,124062.485,65.36037865,0,0
29/05/2020,120072.09,50.14294437,0,7.2,17.1,12.15,9.6,0,Y,N,120072.09,50.14294437,0,0
30/05/2020,102231.77,21.75529586,0.104166664,8.1,17.1,12.6,9.3,0,Y,N,93396.82,24.71845578,8834.95,-9.569127431
31/05/2020,102684.59,30.29992998,0,12.4,17.8,15.1,8,0,Y,N,102684.59,30.29992998,0,0
1/06/2020,132039.705,35.15095713,0.083333336,9.3,11.2,10.25,2.6,5,Y,N,125059.79,37.15311751,6979.915,-0.721937717
2/06/2020,132710.36,40.30454693,0,8.4,15.6,12,4.9,11.6,Y,N,132710.36,40.30454693,0,0
3/06/2020,130801.825,46.17833796,0,10.5,14.1,12.3,7.3,0.6,Y,N,130801.825,46.17833796,0,0
4/06/2020,133322.025,52.41174158,0,9.3,13.8,11.55,9.3,0,Y,N,133322.025,52.41174158,0,0
5/06/2020,137368.465,62.03344383,0,4.1,14.6,9.35,9.4,0,Y,N,137368.465,62.03344383,0,0
6/06/2020,126427.92,51.80529968,0,6,13.3,9.65,6.6,0,Y,N,126427.92,51.80529968,0,0
7/06/2020,119524.41,52.5677437,0,7.9,11.8,9.85,6.3,0,Y,N,119524.41,52.5677437,0,0
8/06/2020,124792.975,64.9355269,0,4.5,12.6,8.55,8.8,0,Y,Y,124792.975,64.9355269,0,0
9/06/2020,141571.295,134.7476148,0,2,15.3,8.65,9.3,0.2,Y,N,141571.295,134.7476148,0,0
10/06/2020,137795.795,121.1776674,0,3.9,16.7,10.3,8.8,0,Y,N,137795.795,121.1776674,0,0
11/06/2020,141444.445,99.91431747,0,4.5,16.9,10.7,9.1,0,Y,N,141444.445,99.91431747,0,0
12/06/2020,134684.585,50.25057404,0,4.2,15.3,9.75,9.2,0,Y,N,134684.585,50.25057404,0,0
13/06/2020,117394.455,31.44827161,0.041666668,5.7,16.4,11.05,3.4,0,Y,N,113505.82,32.56374122,3888.635,-1.111300894
14/06/2020,107553.005,24.87964662,0.041666668,10.4,15.2,12.8,8,5.8,Y,N,103959.505,25.73964504,3593.5,0
15/06/2020,121221.455,26.0068805,0.041666668,11.6,18.4,15,8,0,Y,N,117513.86,27.03593873,3707.595,-6.609574428
16/06/2020,124473.67,34.23091122,0.083333336,13,17.9,15.45,6.7,0,Y,N,116955.17,36.4922408,7518.5,-0.945544863
17/06/2020,133969.69,66.78362319,0,10.2,14.6,12.4,8.5,0.4,Y,N,133969.69,66.78362319,0,0
18/06/2020,130437.325,35.14292887,0,4.6,16.9,10.75,9.1,0,Y,N,130437.325,35.14292887,0,0
19/06/2020,120149.435,30.51870659,0,6.4,17.8,12.1,8.6,0,Y,N,120149.435,30.51870659,0,0
20/06/2020,109644.695,34.0593321,0,12.8,16.9,14.85,8.5,1.4,Y,N,109644.695,34.0593321,0,0
21/06/2020,121528.375,36.99437852,0,6.9,12,9.45,4.9,0,Y,N,121528.375,36.99437852,0,0
22/06/2020,136373.435,45.89619048,0,8.1,13,10.55,5.5,0,Y,N,136373.435,45.89619048,0,0
23/06/2020,131904.745,48.98674317,0,9,14.4,11.7,8.4,2.2,Y,N,131904.745,48.98674317,0,0
24/06/2020,133100.905,56.72143583,0,10.1,14.9,12.5,8,0.4,Y,N,133100.905,56.72143583,0,0
25/06/2020,131466.24,39.91004036,0,10.2,15.9,13.05,5,0,Y,N,131466.24,39.91004036,0,0
26/06/2020,136872.56,55.53696115,0,7.9,13.8,10.85,8.8,1.2,N,N,136872.56,55.53696115,0,0
27/06/2020,126938.54,48.3032828,0,6.2,13.1,9.65,7.9,0,N,N,126938.54,48.3032828,0,0
28/06/2020,125830.75,49.19876027,0,1.7,12.5,7.1,9.3,0.2,N,N,125830.75,49.19876027,0,0
29/06/2020,141431.99,42.72455245,0,2.2,15.4,8.8,9.3,0,N,N,141431.99,42.72455245,0,0
30/06/2020,137644.865,32.46337485,0.020833334,3,15.2,9.1,7.7,0,N,N,134965.855,33.2788609,2679.01,-8.62
1/07/2020,126614.72,33.15843237,0,9.8,17.4,13.6,9.1,0,N,N,126614.72,33.15843237,0,0
2/07/2020,131372.71,37.36642631,0,10.2,15.1,12.65,7.3,1.2,N,N,131372.71,37.36642631,0,0
3/07/2020,143010.27,43.51202037,0,7.7,10.3,9,4.1,0,N,N,143010.27,43.51202037,0,0
4/07/2020,125400.27,50.02610058,0,6.5,14.5,10.5,5.7,7.8,N,N,125400.27,50.02610058,0,0
5/07/2020,118507.76,50.7877126,0,8.9,12.5,10.7,6.5,4.6,N,N,118507.76,50.7877126,0,0
6/07/2020,136255.335,75.96062272,0,8.1,13.1,10.6,5.8,1,N,N,136255.335,75.96062272,0,0
7/07/2020,140264.52,88.33624266,0,8.9,11.8,10.35,4.8,1.4,N,N,140264.52,88.33624266,0,0
8/07/2020,138627.11,80.38819689,0,4.9,15.7,10.3,9.4,0,N,N,138627.11,80.38819689,0,0
9/07/2020,135266.165,70.71627991,0,5.7,17.2,11.45,8.5,0,N,N,135266.165,70.71627991,0,0
10/07/2020,134041.23,67.7398805,0,6.4,16.9,11.65,7.9,0,N,N,134041.23,67.7398805,0,0
11/07/2020,130088.95,81.92988413,0,7.3,11.4,9.35,3.3,0,N,N,130088.95,81.92988413,0,0
12/07/2020,118837.05,61.71948241,0,9,14.2,11.6,8.3,6.8,N,N,118837.05,61.71948241,0,0
13/07/2020,130119.41,61.12317036,0,8.7,15.1,11.9,7.4,3.4,N,N,130119.41,61.12317036,0,0
14/07/2020,133668.935,61.11233617,0,7.7,14.2,10.95,7.6,0,Y,N,133668.935,61.11233617,0,0
15/07/2020,135296.8,68.56981008,0,6.2,14.7,10.45,9.4,0.2,Y,N,135296.8,68.56981008,0,0
16/07/2020,143158.89,86.65821645,0,4.2,11.5,7.85,8.7,0,Y,N,143158.89,86.65821645,0,0
17/07/2020,143109.355,73.81550841,0,3.1,12.8,7.95,7.4,0,Y,N,143109.355,73.81550841,0,0
18/07/2020,125303.885,43.53431853,0,4,12.5,8.25,8.3,0,Y,N,125303.885,43.53431853,0,0
19/07/2020,114065.32,31.20876798,0.125,8.2,15.3,11.75,7.6,0,Y,N,101869.76,35.491466,12195.56,-4.564695471
20/07/2020,132894.41,58.02011972,0,7.6,13.8,10.7,8.2,0.6,Y,N,132894.41,58.02011972,0,0
21/07/2020,140086.105,95.13777966,0,7.2,12.9,10.05,8.1,0.4,Y,N,140086.105,95.13777966,0,0
22/07/2020,138666.105,93.87503029,0,8.1,13.3,10.7,8.4,0,Y,N,138666.105,93.87503029,0,0
23/07/2020,142476.365,103.9160215,0,8.1,12,10.05,7.5,2.2,Y,N,142476.365,103.9160215,0,0
24/07/2020,133822.7,61.44914004,0,6.1,13.5,9.8,10.5,0,Y,N,133822.7,61.44914004,0,0
25/07/2020,128417.22,72.0830116,0,4.3,12.2,8.25,9.6,0,Y,N,128417.22,72.0830116,0,0
26/07/2020,123014.555,69.92282946,0,5,12.8,8.9,7.2,0,Y,N,123014.555,69.92282946,0,0
27/07/2020,132571.33,59.48642642,0,7.4,13.5,10.45,7.3,0,Y,N,132571.33,59.48642642,0,0
28/07/2020,132720.395,59.04477848,0,9.6,15.6,12.6,8,0.4,Y,N,132720.395,59.04477848,0,0
29/07/2020,130547.735,67.52983163,0,8.6,16.3,12.45,9,0,Y,N,130547.735,67.52983163,0,0
30/07/2020,132583.64,63.22321802,0,8,14.2,11.1,11.3,0,Y,N,132583.64,63.22321802,0,0
31/07/2020,132105.75,73.08227616,0,3.4,17.1,10.25,11.3,0,Y,N,132105.75,73.08227616,0,0
1/08/2020,111590.65,47.91589475,0,5.7,16.4,11.05,11.1,0,Y,N,111590.65,47.91589475,0,0
2/08/2020,109935.335,50.24795698,0,9,18.2,13.6,11.7,0,Y,N,109935.335,50.24795698,0,0
3/08/2020,127930.355,47.6889717,0,7.5,16,11.75,10.2,0,Y,N,127930.355,47.6889717,0,0
4/08/2020,140042.145,49.18959504,0,5.1,10.5,7.8,10,1.2,N,N,140042.145,49.18959504,0,0
5/08/2020,140205.295,55.46471438,0,4.7,11.3,8,9.6,5.8,N,N,140205.295,55.46471438,0,0
6/08/2020,140835.175,69.43370924,0,5.5,12.8,9.15,10.8,0.8,N,N,140835.175,69.43370924,0,0
7/08/2020,144062.61,60.11943198,0,3.3,12.7,8,5.8,0,N,N,144062.61,60.11943198,0,0
8/08/2020,121119.265,53.51866097,0,4.7,14.9,9.8,7.2,6.8,N,N,121119.265,53.51866097,0,0
9/08/2020,111165.955,45.52217119,0,8.9,15.8,12.35,10.2,0.2,N,N,111165.955,45.52217119,0,0
10/08/2020,125959.75,53.42043452,0,5.7,14.8,10.25,12.7,0,N,N,125959.75,53.42043452,0,0
11/08/2020,130141.225,42.32865173,0,4.3,15.8,10.05,10.3,0,N,N,130141.225,42.32865173,0,0
12/08/2020,127945.31,58.62900738,0,9.4,15.9,12.65,10,0.8,N,N,127945.31,58.62900738,0,0
13/08/2020,121914.44,52.32015788,0,11.4,18.1,14.75,11,1.2,N,N,121914.44,52.32015788,0,0
14/08/2020,124640.09,69.84183616,0,10.7,18.1,14.4,7,0.8,N,N,124640.09,69.84183616,0,0
15/08/2020,113755.18,52.51504329,0,7.4,14.9,11.15,13,2.8,N,N,113755.18,52.51504329,0,0
16/08/2020,111034.745,58.425199,0,10.7,15,12.85,9.9,0.4,N,N,111034.745,58.425199,0,0
17/08/2020,121520.57,60.71057206,0,9.5,16.3,12.9,10.4,0,N,N,121520.57,60.71057206,0,0
18/08/2020,119321.855,44.02416502,0,10,17.2,13.6,11.2,0.2,N,N,119321.855,44.02416502,0,0
19/08/2020,129884.75,62.12320763,0,9.7,12.7,11.2,7.9,1.2,N,N,129884.75,62.12320763,0,0
20/08/2020,123490.855,54.11355268,0,9.6,15.7,12.65,9.6,3.8,N,N,123490.855,54.11355268,0,0
21/08/2020,125707.04,48.50830488,0,8.5,14.1,11.3,12.2,0.4,N,N,125707.04,48.50830488,0,0
22/08/2020,127131.37,56.06549025,0,5.8,11.1,8.45,3.8,4.4,N,N,127131.37,56.06549025,0,0
23/08/2020,117125.065,53.93795084,0,6.8,11.5,9.15,8.6,25.6,N,N,117125.065,53.93795084,0,0
24/08/2020,134984.79,134.4884221,0,6.3,12.4,9.35,12.8,2.8,N,N,134984.79,134.4884221,0,0
25/08/2020,138437.855,82.74421296,0,3.6,13,8.3,11.2,0,N,N,138437.855,82.74421296,0,0
26/08/2020,129322.31,90.6668878,0,6.1,14.5,10.3,12.8,0,N,N,129322.31,90.6668878,0,0
27/08/2020,119044.425,45.56437394,0,8.8,20.7,14.75,13.1,0,N,N,119044.425,45.56437394,0,0
28/08/2020,118809.08,61.60884765,0,8.5,17.6,13.05,15.1,1.4,N,N,118809.08,61.60884765,0,0
29/08/2020,100166.885,15.29224188,0.3125,9.2,19.3,14.25,15.6,0,N,N,75058.525,29.82342006,25108.36,-28.14702697
30/08/2020,98917.175,9.421018531,0.4375,12,19.8,15.9,9,0,N,N,61517.58,25.58243568,37399.595,-17.16245843
31/08/2020,121605.395,58.5526285,0,6.9,12.5,9.7,13.5,1,N,N,121605.395,58.5526285,0,0
1/09/2020,119645.18,52.28162464,0,6.6,15.7,11.15,15.9,0,N,N,119645.18,52.28162464,0,0
2/09/2020,113547.67,31.7696948,0.0625,8.6,22,15.3,12.1,0,N,N,107730.39,33.51123536,5817.28,-0.481949322
3/09/2020,109327.46,25.56711429,0.125,12.9,19.9,16.4,13.5,0,N,N,97931.115,30.37725887,11396.345,-15.76743825
4/09/2020,114865.645,37.04256916,0,9,17.3,13.15,12.7,0,N,N,114865.645,37.04256916,0,0
5/09/2020,105534.01,49.7384538,0,9.7,16.6,13.15,15,0.2,N,N,105534.01,49.7384538,0,0
6/09/2020,95865.14,26.51715961,0.22916667,6.9,19.2,13.05,16.9,0.2,N,N,79847.18,37.72027477,16017.96,-29.32872547
7/09/2020,99778.2,18.90752412,0.20833333,8.8,22.9,15.85,17.1,0,N,N,81950.94,26.44606373,17827.26,-15.74673051
8/09/2020,112421.09,35.90195556,0.104166664,16.6,19.9,18.25,4.8,0,N,N,103705.805,39.15472993,8715.285,-2.803787816
9/09/2020,112140.47,37.01543366,0,8.1,15.6,11.85,14.8,1,N,N,112140.47,37.01543366,0,0
10/09/2020,109328.335,31.15281617,0,5.4,21.4,13.4,17.5,0,N,N,109328.335,31.15281617,0,0
11/09/2020,106643.05,22.38646877,0.29166666,10.4,19.4,14.9,13.4,0,N,N,79771.61,34.39406235,26871.44,-13.25974419
12/09/2020,111644.6,34.26416783,0.041666668,13.3,16,14.65,4,1.6,N,N,107801.07,35.84910915,3843.53,-10.18933483
13/09/2020,96225.91,28.32769033,0.104166664,11.9,17.2,14.55,16.5,11.8,N,N,88815.25,31.46806115,7410.66,-9.309013995
14/09/2020,107196.61,41.85212803,0,11.1,16.6,13.85,18.1,0,N,N,107196.61,41.85212803,0,0
15/09/2020,113008.77,44.30535805,0,7.4,15.8,11.6,18.3,0,N,N,113008.77,44.30535805,0,0
16/09/2020,110807.72,34.96841219,0.125,7.1,22.8,14.95,17.4,0,N,N,99004.355,40.28316193,11803.365,-9.610686198
17/09/2020,115643.44,34.6966765,0,11.8,15.5,13.65,9.4,0.8,N,N,115643.44,34.6966765,0,0
18/09/2020,112335.7,40.83704346,0,8.4,18.7,13.55,13.6,0,N,N,112335.7,40.83704346,0,0
19/09/2020,93384,24.26530783,0.125,11.3,26.3,18.8,17.1,0,N,N,82863.765,28.21663786,10520.235,-6.857769104
20/09/2020,86891.23,23.05133479,0.27083334,17.1,22,19.55,16.7,0,N,N,66569.795,32.44389647,20321.435,-7.717206177
21/09/2020,100977.95,34.25364192,0.020833334,16.6,19.8,18.2,13,0,N,N,99157.425,35.26956462,1820.525,-21.08
22/09/2020,103200.64,25.92532279,0.14583333,12.3,18.9,15.6,16.8,0,N,N,90271.18,30.8937495,12929.46,-8.763344935
23/09/2020,112412.445,34.21179457,0.020833334,10.6,15.1,12.85,12.3,0.2,N,N,110400.165,34.94474084,2012.28,-6
24/09/2020,117535.715,51.7793561,0,8.2,15,11.6,13.9,1.6,N,N,117535.715,51.7793561,0,0
25/09/2020,126354.68,53.42920966,0,7.2,11.9,9.55,7.2,3.2,N,N,126354.68,53.42920966,0,0
26/09/2020,106694.965,33.44471011,0.083333336,6.2,13.4,9.8,15,9.4,N,N,99043.17,37.48180525,7651.795,-18.81057115
27/09/2020,101703.49,57.92002876,0,8.8,13.4,11.1,20.9,3,N,N,101703.49,57.92002876,0,0
28/09/2020,114651.14,59.74605347,0,6.5,13.6,10.05,18.3,0,N,N,114651.14,59.74605347,0,0
29/09/2020,112076.46,42.12017751,0.041666668,4.3,21,12.65,18.4,0,N,N,108164.36,43.85914999,3912.1,-5.960097786
30/09/2020,113620.21,38.05764052,0.020833334,10.7,19.4,15.05,13,0.6,N,N,111746.46,38.82338953,1873.75,-7.61
1/10/2020,106641.79,34.65467056,0.125,9.4,19.5,14.45,21.2,1.8,N,N,95349.61,41.65165787,11292.18,-24.4269249
2/10/2020,99585.835,-6.076028369,0.625,12.8,26,19.4,22,0,N,N,41988.24,26.98025095,57597.595,-30.17382255
3/10/2020,92277.025,-1.983470633,0.5833333,17.4,29.4,23.4,19.8,0,N,N,44133.51,32.43815552,48143.515,-33.53802543
4/10/2020,94081.565,25.0086136,0.0625,13.5,29.5,21.5,8.4,0,N,N,88580.995,26.57168688,5500.57,-0.163066155
5/10/2020,113610.03,36.76470052,0.083333336,9.1,12.7,10.9,7.3,12.8,N,N,106587.375,39.61601548,7022.655,-6.511549863
6/10/2020,122607.56,75.77105901,0,8.9,12.6,10.75,5.8,1,N,N,122607.56,75.77105901,0,0
